client_id,name_raw,name_norm,dob_raw,dob_norm,phone_raw,phone_norm,address_raw,address_norm,status,reason
ACME-00320,Priya Wójcik,Priya Wójcik,2005-09-10,2005-09-10,+1-486-707-1987,+1-486-707-1987,"8657 Maple Ave, Eastgate, OH 45202","8657 Maple Ave, Eastgate, OH 45202",accepted,
ACME-00762,Ana Hassan,Ana Hassan,1994-06-06,1994-06-06,+1-511-737-2194,+1-511-737-2194,"5558 Aspen Blvd, Springfield, IL 62701","5558 Aspen Blvd, Springfield, IL 62701",accepted,
ACME-01139,AAAAAAAAAAAAAAAAAAAAAAAAAAAAAAAAAAAAAAAAAAAAAAAAAAAAAAAAAAAAAAAAAAAAAAAAAAAAAAAAAAAAAAAAAAAAAAAAAAAAAAAAAAAAAAAAAAAAAAAAAAAAAAAAAAAAAAAAAAAAAAAAAAAAAAAAAAAAAAAAAAAAAAAAAAAAAAAAAAAAAAAAAAAAAAAAAAAAAAAA,,1978-09-22,1978-09-22,+1-649-429-6395,+1-649-429-6395,"635 Aspen Blvd, Brookhaven, GA 30303","635 Aspen Blvd, Brookhaven, GA 30303",accepted,
ACME-00108,Yara Müller,Yara Müller,1998-06-21,1998-06-21,+1-316-858-1193,+1-316-858-1193,"1639 Oakwood Dr, Greendale, CA 94027","1639 Oakwood Dr, Greendale, CA 94027",accepted,
ACME-00284,Xiomara Vasquez,Xiomara Vasquez,1964-05-10,1964-05-10,+1-296-352-7203,+1-296-352-7203,"8491 Willow Ct, Westwood, MA 02445","8491 Willow Ct, Westwood, MA 02445",accepted,
ACME-00388,Joon Fernández,Joon Fernández,1940-05-28,1940-05-28,+1-328-578-3270,+1-328-578-3270,"2107 Sequoia Pl, Fairview, TX 75001","2107 Sequoia Pl, Fairview, TX 75001",accepted,
ACME-00540,Esma Nakamura,Esma Nakamura,2005-12-27,2005-12-27,+1-548-829-7648,+1-548-829-7648,"8031 Oakwood Dr, Brookhaven, GA 30303","8031 Oakwood Dr, Brookhaven, GA 30303",accepted,
ACME-00766,Hiro Zúbková,Hiro Zúbková,1953-04-20,1953-04-20,+1-711-528-6276,+1-711-528-6276,"9183 Maple Ave, Greendale, CA 94027","9183 Maple Ave, Greendale, CA 94027",accepted,
ACME-00454,Tariq Dvořák,Tariq Dvořák,1957-06-19,1957-06-19,+1-835-472-9274,+1-835-472-9274,"1910 Cedar St, Greendale, CA 94027","1910 Cedar St, Greendale, CA 94027",accepted,
ACME-00298,Bao Hassan,Bao Hassan,1940-01-24,1940-01-24,+1-704-800-5101,+1-704-800-5101,"7042 Aspen Blvd, Brookhaven, GA 30303","7042 Aspen Blvd, Brookhaven, GA 30303",accepted,
ACME-00430,Esma Dvořák,Esma Dvořák,1998-05-03,1998-05-03,+1-375-268-1110,+1-375-268-1110,"8549 Aspen Blvd, Fairview, TX 75001","8549 Aspen Blvd, Fairview, TX 75001",accepted,
ACME-01126,Yara Zúbková,Yara Zúbková,,,+1-646-285-3253,+1-646-285-3253,"6911 Sequoia Pl, Eastgate, OH 45202","6911 Sequoia Pl, Eastgate, OH 45202",accepted,
ACME-00300,Quentin O'Brien,Quentin O'Brien,2002-11-02,2002-11-02,+1-353-749-6776,+1-353-749-6776,"2389 Birch Rd, Greendale, CA 94027","2389 Birch Rd, Greendale, CA 94027",accepted,
ACME-00185,Viktor Castellanos,Viktor Castellanos,1991-01-18,1991-01-18,+1-649-797-8467,+1-649-797-8467,"9588 Elm Way, Brookhaven, GA 30303","9588 Elm Way, Brookhaven, GA 30303",accepted,
ACME-00684,Hiro Castellanos,Hiro Castellanos,1973-06-05,1973-06-05,+1-806-273-2846,+1-806-273-2846,"3632 Sequoia Pl, Springfield, IL 62701","3632 Sequoia Pl, Springfield, IL 62701",accepted,
ACME-00927,Caleb Pereira,Caleb Pereira,1981-08-28,1981-08-28,+1-800-724-4679,+1-800-724-4679,"9419 Aspen Blvd, Riverton, WY 82501","9419 Aspen Blvd, Riverton, WY 82501",accepted,
ACME-00795,Ana Müller,Ana Müller,1991-06-07,1991-06-07,+1-421-339-5764,+1-421-339-5764,"4607 Pine Hollow, Westwood, MA 02445","4607 Pine Hollow, Westwood, MA 02445",accepted,
ACME-00534,Farid Almeida,Farid Almeida,1948-03-15,1948-03-15,+1-276-406-1290,+1-276-406-1290,"8966 Elm Way, Brookhaven, GA 30303","8966 Elm Way, Brookhaven, GA 30303",accepted,
ACME-00653,Hiro Wójcik,Hiro Wójcik,1976-03-01,1976-03-01,+1-968-816-1442,+1-968-816-1442,"3457 Birch Rd, Lakeshore, MN 55401","3457 Birch Rd, Lakeshore, MN 55401",accepted,
ACME-00288,Ravi Eze,Ravi Eze,1976-08-19,1976-08-19,+1-362-716-7760,+1-362-716-7760,"9335 Willow Ct, Eastgate, OH 45202","9335 Willow Ct, Eastgate, OH 45202",accepted,
ACME-00134,Esma Müller,Esma Müller,1979-07-22,1979-07-22,+1-487-789-7593,+1-487-789-7593,"1372 Maple Ave, Springfield, IL 62701","1372 Maple Ave, Springfield, IL 62701",accepted,
ACME-00254,Lior Brennan,Lior Brennan,1946-03-05,1946-03-05,+1-411-469-2991,+1-411-469-2991,"2142 Oakwood Dr, Fairview, TX 75001","2142 Oakwood Dr, Fairview, TX 75001",accepted,
ACME-00092,Esma Ueda,Esma Ueda,1970-12-13,1970-12-13,+1-945-602-3537,+1-945-602-3537,"9360 Maple Ave, Eastgate, OH 45202","9360 Maple Ave, Eastgate, OH 45202",accepted,
ACME-00426,Hiro Ivanova,Hiro Ivanova,1969-03-01,1969-03-01,+1-293-859-3739,+1-293-859-3739,"6240 Willow Ct, Greendale, CA 94027","6240 Willow Ct, Greendale, CA 94027",accepted,
ACME-00078,Ana Dvořák,Ana Dvořák,1998-08-12,1998-08-12,+1-697-687-9373,+1-697-687-9373,"1422 Willow Ct, Riverton, WY 82501","1422 Willow Ct, Riverton, WY 82501",accepted,
ACME-01128,Müller Wójcik,Müller Wójcik,1972-06-12,1972-06-12,+1-615-287-9496,+1-615-287-9496,"1848 Maple Ave, Springfield, IL 62701","1848 Maple Ave, Springfield, IL 62701",accepted,
ACME-01028,Müller Wójcik,Müller Wójcik,1961-01-21,1961-01-21,+1-916-494-5691,+1-916-494-5691,"9503 Birch Rd, Greendale, CA 94027","9503 Birch Rd, Greendale, CA 94027",accepted,
ACME-00742,Farid Klein,Farid Klein,2004-10-17,2004-10-17,+1-735-345-4998,+1-735-345-4998,"6127 Elm Way, Brookhaven, GA 30303","6127 Elm Way, Brookhaven, GA 30303",accepted,
ACME-00632,Oren Tanaka,Oren Tanaka,2000-05-16,2000-05-16,+1-309-455-8181,+1-309-455-8181,"4380 Pine Hollow, Brookhaven, GA 30303","4380 Pine Hollow, Brookhaven, GA 30303",accepted,
ACME-00794,Nikos Almeida,Nikos Almeida,1957-06-19,1957-06-19,+1-553-268-9805,+1-553-268-9805,"2713 Aspen Blvd, Greendale, CA 94027","2713 Aspen Blvd, Greendale, CA 94027",accepted,
ACME-01030,,,1940-05-13,1940-05-13,+1-296-673-2897,+1-296-673-2897,"6261 Pine Hollow, Westwood, MA 02445","6261 Pine Hollow, Westwood, MA 02445",accepted,
ACME-01035,,,1985-07-17,1985-07-17,+1-242-505-3971,+1-242-505-3971,"8683 Oakwood Dr, Fairview, TX 75001","8683 Oakwood Dr, Fairview, TX 75001",accepted,
ACME-00885,Zane Ivanova,Zane Ivanova,2004-05-14,2004-05-14,+1-239-891-6886,+1-239-891-6886,"4842 Aspen Blvd, Lakeshore, MN 55401","4842 Aspen Blvd, Lakeshore, MN 55401",accepted,
ACME-01054,AAAAAAAAAAAAAAAAAAAAAAAAAAAAAAAAAAAAAAAAAAAAAAAAAAAAAAAAAAAAAAAAAAAAAAAAAAAAAAAAAAAAAAAAAAAAAAAAAAAAAAAAAAAAAAAAAAAAAAAAAAAAAAAAAAAAAAAAAAAAAAAAAAAAAAAAAAAAAAAAAAAAAAAAAAAAAAAAAAAAAAAAAAAAAAAAAAAAAAAA,,1943-06-05,1943-06-05,+1-733-798-2594,+1-733-798-2594,"68 Pine Hollow, Riverton, WY 82501","68 Pine Hollow, Riverton, WY 82501",accepted,
ACME-00369,Xiomara Greco,Xiomara Greco,1969-07-16,1969-07-16,+1-407-965-9512,+1-407-965-9512,"2605 Aspen Blvd, Brookhaven, GA 30303","2605 Aspen Blvd, Brookhaven, GA 30303",accepted,
ACME-00633,Yara Tanaka,Yara Tanaka,1999-07-20,1999-07-20,+1-203-566-2258,+1-203-566-2258,"1023 Willow Ct, Eastgate, OH 45202","1023 Willow Ct, Eastgate, OH 45202",accepted,
ACME-00287,Mei Fernández,Mei Fernández,1961-12-08,1961-12-08,+1-659-839-3168,+1-659-839-3168,"6472 Elm Way, Brookhaven, GA 30303","6472 Elm Way, Brookhaven, GA 30303",accepted,
ACME-00999,Kira Eze,Kira Eze,1999-04-06,1999-04-06,+1-968-234-9149,+1-968-234-9149,"8959 Willow Ct, Springfield, IL 62701","8959 Willow Ct, Springfield, IL 62701",accepted,
ACME-00952,Gita Greco,Gita Greco,1957-12-13,1957-12-13,+1-869-373-6921,+1-869-373-6921,"163 Cedar St, Westwood, MA 02445","163 Cedar St, Westwood, MA 02445",accepted,
ACME-00586,Bao Müller,Bao Müller,1949-10-16,1949-10-16,+1-287-282-2395,+1-287-282-2395,"6577 Oakwood Dr, Eastgate, OH 45202","6577 Oakwood Dr, Eastgate, OH 45202",accepted,
ACME-01190,,,1989-03-24,1989-03-24,+1-461-515-9611,+1-461-515-9611,"4142 Willow Ct, Springfield, IL 62701","4142 Willow Ct, Springfield, IL 62701",accepted,
ACME-00776,Zane Vasquez,Zane Vasquez,1990-03-22,1990-03-22,+1-654-888-8337,+1-654-888-8337,"5716 Oakwood Dr, Lakeshore, MN 55401","5716 Oakwood Dr, Lakeshore, MN 55401",accepted,
ACME-00137,Ravi Yamamoto,Ravi Yamamoto,1973-10-05,1973-10-05,+1-633-298-5954,+1-633-298-5954,"4926 Maple Ave, Westwood, MA 02445","4926 Maple Ave, Westwood, MA 02445",accepted,
ACME-00589,Ana Vasquez,Ana Vasquez,1988-04-08,1988-04-08,+1-556-936-4302,+1-556-936-4302,"9494 Pine Hollow, Greendale, CA 94027","9494 Pine Hollow, Greendale, CA 94027",accepted,
ACME-00833,Sora Rossi,Sora Rossi,1974-01-24,1974-01-24,+1-603-667-1171,+1-603-667-1171,"9992 Willow Ct, Greendale, CA 94027","9992 Willow Ct, Greendale, CA 94027",accepted,
ACME-00495,Lior Vasquez,Lior Vasquez,1983-11-21,1983-11-21,+1-829-938-8509,+1-829-938-8509,"8073 Oakwood Dr, Westwood, MA 02445","8073 Oakwood Dr, Westwood, MA 02445",accepted,
ACME-00125,Bao Almeida,Bao Almeida,1952-08-05,1952-08-05,+1-791-545-9884,+1-791-545-9884,"7143 Sequoia Pl, Lakeshore, MN 55401","7143 Sequoia Pl, Lakeshore, MN 55401",accepted,
ACME-00603,Quentin Almeida,Quentin Almeida,1941-07-17,1941-07-17,+1-283-300-2498,+1-283-300-2498,"2003 Pine Hollow, Lakeshore, MN 55401","2003 Pine Hollow, Lakeshore, MN 55401",accepted,
ACME-00029,Esma Quist,Esma Quist,2002-07-26,2002-07-26,+1-698-861-2080,+1-698-861-2080,"9780 Pine Hollow, Springfield, IL 62701","9780 Pine Hollow, Springfield, IL 62701",accepted,
ACME-00898,Tariq Müller,Tariq Müller,2003-11-19,2003-11-19,+1-648-812-6415,+1-648-812-6415,"8495 Willow Ct, Springfield, IL 62701","8495 Willow Ct, Springfield, IL 62701",accepted,
ACME-00119,Mei Müller,Mei Müller,1972-12-09,1972-12-09,+1-269-654-2573,+1-269-654-2573,"972 Elm Way, Brookhaven, GA 30303","972 Elm Way, Brookhaven, GA 30303",accepted,
ACME-00719,Esma Vasquez,Esma Vasquez,1978-10-15,1978-10-15,+1-718-886-4875,+1-718-886-4875,"4400 Sequoia Pl, Springfield, IL 62701","4400 Sequoia Pl, Springfield, IL 62701",accepted,
ACME-00028,Priya Zúbková,Priya Zúbková,1994-06-24,1994-06-24,+1-715-572-1128,+1-715-572-1128,"4393 Elm Way, Lakeshore, MN 55401","4393 Elm Way, Lakeshore, MN 55401",accepted,
ACME-01086,Zane O'Brien,Zane O'Brien,,,+1-770-971-4206,+1-770-971-4206,"9802 Willow Ct, Lakeshore, MN 55401","9802 Willow Ct, Lakeshore, MN 55401",accepted,
ACME-00496,Uma Almeida,Uma Almeida,1972-07-16,1972-07-16,+1-234-614-5684,+1-234-614-5684,"2313 Maple Ave, Eastgate, OH 45202","2313 Maple Ave, Eastgate, OH 45202",accepted,
ACME-00544,Farid Eze,Farid Eze,1957-02-01,1957-02-01,+1-842-867-8276,+1-842-867-8276,"7037 Oakwood Dr, Eastgate, OH 45202","7037 Oakwood Dr, Eastgate, OH 45202",accepted,
ACME-00019,Tariq Yamamoto,Tariq Yamamoto,1986-06-04,1986-06-04,+1-398-789-4653,+1-398-789-4653,"6520 Aspen Blvd, Greendale, CA 94027","6520 Aspen Blvd, Greendale, CA 94027",accepted,
ACME-01182,Xiomara Xu,Xiomara Xu,1991-12-12,1991-12-12,abc-def-ghij,,"5648 Oakwood Dr, Lakeshore, MN 55401","5648 Oakwood Dr, Lakeshore, MN 55401",accepted,
ACME-01137,Mei Sato,Mei Sato,1999-01-26,1999-01-26,abc-def-ghij,,"9970 Oakwood Dr, Riverton, WY 82501","9970 Oakwood Dr, Riverton, WY 82501",accepted,
ACME-01145,,,1990-08-11,1990-08-11,+1-524-632-5196,+1-524-632-5196,"3166 Elm Way, Lakeshore, MN 55401","3166 Elm Way, Lakeshore, MN 55401",accepted,
ACME-00375,Nikos Jensen,Nikos Jensen,1944-02-03,1944-02-03,+1-549-487-6402,+1-549-487-6402,"9433 Sequoia Pl, Greendale, CA 94027","9433 Sequoia Pl, Greendale, CA 94027",accepted,
ACME-00839,Farid Nakamura,Farid Nakamura,2005-03-03,2005-03-03,+1-600-393-3699,+1-600-393-3699,"4175 Aspen Blvd, Brookhaven, GA 30303","4175 Aspen Blvd, Brookhaven, GA 30303",accepted,
ACME-00097,Nikos Eze,Nikos Eze,1951-02-28,1951-02-28,+1-841-650-3181,+1-841-650-3181,"7238 Oakwood Dr, Brookhaven, GA 30303","7238 Oakwood Dr, Brookhaven, GA 30303",accepted,
ACME-00112,Joon Brennan,Joon Brennan,1979-06-16,1979-06-16,+1-773-404-8968,+1-773-404-8968,"2327 Elm Way, Westwood, MA 02445","2327 Elm Way, Westwood, MA 02445",accepted,
ACME-00338,Sora Ivanova,Sora Ivanova,1940-12-25,1940-12-25,+1-579-491-8532,+1-579-491-8532,"8423 Aspen Blvd, Westwood, MA 02445","8423 Aspen Blvd, Westwood, MA 02445",accepted,
ACME-00340,Hiro Xu,Hiro Xu,1999-01-06,1999-01-06,+1-542-674-8849,+1-542-674-8849,"8919 Juniper Ln, Westwood, MA 02445","8919 Juniper Ln, Westwood, MA 02445",accepted,
ACME-01100,,,1944-03-24,1944-03-24,+1-238-792-9576,+1-238-792-9576,"6843 Oakwood Dr, Brookhaven, GA 30303","6843 Oakwood Dr, Brookhaven, GA 30303",accepted,
ACME-00085,Oren Quist,Oren Quist,1996-11-10,1996-11-10,+1-911-357-8391,+1-911-357-8391,"6555 Cedar St, Riverton, WY 82501","6555 Cedar St, Riverton, WY 82501",accepted,
ACME-00089,Zane Fernández,Zane Fernández,1959-05-26,1959-05-26,+1-311-212-5630,+1-311-212-5630,"1518 Sequoia Pl, Springfield, IL 62701","1518 Sequoia Pl, Springfield, IL 62701",accepted,
ACME-01189,AAAAAAAAAAAAAAAAAAAAAAAAAAAAAAAAAAAAAAAAAAAAAAAAAAAAAAAAAAAAAAAAAAAAAAAAAAAAAAAAAAAAAAAAAAAAAAAAAAAAAAAAAAAAAAAAAAAAAAAAAAAAAAAAAAAAAAAAAAAAAAAAAAAAAAAAAAAAAAAAAAAAAAAAAAAAAAAAAAAAAAAAAAAAAAAAAAAAAAAA,,1984-01-13,1984-01-13,+1-970-598-7477,+1-970-598-7477,"9843 Sequoia Pl, Fairview, TX 75001","9843 Sequoia Pl, Fairview, TX 75001",accepted,
ACME-00516,Bao Klein,Bao Klein,1993-10-02,1993-10-02,+1-565-639-2229,+1-565-639-2229,"6711 Sequoia Pl, Springfield, IL 62701","6711 Sequoia Pl, Springfield, IL 62701",accepted,
ACME-01103,Müller Wójcik,Müller Wójcik,1984-10-16,1984-10-16,+1-417-879-9615,+1-417-879-9615,"3894 Juniper Ln, Greendale, CA 94027","3894 Juniper Ln, Greendale, CA 94027",accepted,
ACME-00878,Sora Xu,Sora Xu,1971-10-02,1971-10-02,+1-533-474-9075,+1-533-474-9075,"7928 Willow Ct, Brookhaven, GA 30303","7928 Willow Ct, Brookhaven, GA 30303",accepted,
ACME-00521,Bao O'Brien,Bao O'Brien,1979-03-01,1979-03-01,+1-873-513-8141,+1-873-513-8141,"4024 Aspen Blvd, Springfield, IL 62701","4024 Aspen Blvd, Springfield, IL 62701",accepted,
ACME-01062,Mei Tanaka,Mei Tanaka,1992-08-11,1992-08-11,abc-def-ghij,,"9743 Aspen Blvd, Riverton, WY 82501","9743 Aspen Blvd, Riverton, WY 82501",accepted,
ACME-00420,Bao Brennan,Bao Brennan,1957-06-10,1957-06-10,+1-275-921-2319,+1-275-921-2319,"8800 Willow Ct, Lakeshore, MN 55401","8800 Willow Ct, Lakeshore, MN 55401",accepted,
ACME-00608,Bao Zúbková,Bao Zúbková,1970-09-22,1970-09-22,+1-460-384-1158,+1-460-384-1158,"3880 Oakwood Dr, Springfield, IL 62701","3880 Oakwood Dr, Springfield, IL 62701",accepted,
ACME-00229,Farid Vasquez,Farid Vasquez,1993-03-26,1993-03-26,+1-581-806-9245,+1-581-806-9245,"2418 Sequoia Pl, Fairview, TX 75001","2418 Sequoia Pl, Fairview, TX 75001",accepted,
ACME-00588,Nikos Jensen,Nikos Jensen,1953-04-28,1953-04-28,+1-934-893-6298,+1-934-893-6298,"734 Maple Ave, Eastgate, OH 45202","734 Maple Ave, Eastgate, OH 45202",accepted,
ACME-00593,Yara Ueda,Yara Ueda,1973-08-22,1973-08-22,+1-288-897-8716,+1-288-897-8716,"8348 Juniper Ln, Lakeshore, MN 55401","8348 Juniper Ln, Lakeshore, MN 55401",accepted,
ACME-00931,Gita Liu,Gita Liu,1991-07-04,1991-07-04,+1-618-654-6360,+1-618-654-6360,"7934 Willow Ct, Riverton, WY 82501","7934 Willow Ct, Riverton, WY 82501",accepted,
ACME-00461,Lior Rossi,Lior Rossi,1970-11-24,1970-11-24,+1-860-586-7812,+1-860-586-7812,"8777 Oakwood Dr, Westwood, MA 02445","8777 Oakwood Dr, Westwood, MA 02445",accepted,
ACME-00502,Zane Liu,Zane Liu,1970-03-17,1970-03-17,+1-404-550-6807,+1-404-550-6807,"8458 Juniper Ln, Westwood, MA 02445","8458 Juniper Ln, Westwood, MA 02445",accepted,
ACME-00970,Bao Hassan,Bao Hassan,1965-12-13,1965-12-13,+1-409-292-9161,+1-409-292-9161,"1999 Oakwood Dr, Eastgate, OH 45202","1999 Oakwood Dr, Eastgate, OH 45202",accepted,
ACME-00133,Kira Rossi,Kira Rossi,1944-07-28,1944-07-28,+1-298-815-5381,+1-298-815-5381,"650 Maple Ave, Greendale, CA 94027","650 Maple Ave, Greendale, CA 94027",accepted,
ACME-00053,Mei Yamamoto,Mei Yamamoto,1950-08-05,1950-08-05,+1-479-899-1955,+1-479-899-1955,"4345 Cedar St, Fairview, TX 75001","4345 Cedar St, Fairview, TX 75001",accepted,
ACME-01123,Müller Wójcik,Müller Wójcik,1974-10-05,1974-10-05,+1-434-345-3764,+1-434-345-3764,"2027 Elm Way, Lakeshore, MN 55401","2027 Elm Way, Lakeshore, MN 55401",accepted,
ACME-01065,,,1963-04-07,1963-04-07,+1-206-845-4531,+1-206-845-4531,"7153 Sequoia Pl, Greendale, CA 94027","7153 Sequoia Pl, Greendale, CA 94027",accepted,
ACME-00504,Tariq Xu,Tariq Xu,1943-09-22,1943-09-22,+1-646-626-2495,+1-646-626-2495,"6639 Willow Ct, Westwood, MA 02445","6639 Willow Ct, Westwood, MA 02445",accepted,
ACME-00585,Yara Xu,Yara Xu,1955-04-14,1955-04-14,+1-969-746-5038,+1-969-746-5038,"1740 Pine Hollow, Fairview, TX 75001","1740 Pine Hollow, Fairview, TX 75001",accepted,
ACME-00248,Hiro Quist,Hiro Quist,1952-06-05,1952-06-05,+1-769-435-8624,+1-769-435-8624,"2689 Maple Ave, Riverton, WY 82501","2689 Maple Ave, Riverton, WY 82501",accepted,
ACME-00583,Wei Sato,Wei Sato,1940-06-23,1940-06-23,+1-632-938-3966,+1-632-938-3966,"59 Willow Ct, Brookhaven, GA 30303","59 Willow Ct, Brookhaven, GA 30303",accepted,
ACME-00907,Esma Liu,Esma Liu,1964-08-06,1964-08-06,+1-689-485-7788,+1-689-485-7788,"7044 Elm Way, Brookhaven, GA 30303","7044 Elm Way, Brookhaven, GA 30303",accepted,
ACME-00326,Sora Vasquez,Sora Vasquez,1960-02-25,1960-02-25,+1-805-907-1394,+1-805-907-1394,"7393 Maple Ave, Springfield, IL 62701","7393 Maple Ave, Springfield, IL 62701",accepted,
ACME-00207,Lior Pereira,Lior Pereira,2003-11-26,2003-11-26,+1-426-334-4912,+1-426-334-4912,"9936 Willow Ct, Springfield, IL 62701","9936 Willow Ct, Springfield, IL 62701",accepted,
ACME-00908,Viktor Ivanova,Viktor Ivanova,1947-11-26,1947-11-26,+1-387-303-9985,+1-387-303-9985,"6046 Oakwood Dr, Brookhaven, GA 30303","6046 Oakwood Dr, Brookhaven, GA 30303",accepted,
ACME-00501,Esma Müller,Esma Müller,1999-09-11,1999-09-11,+1-247-216-7309,+1-247-216-7309,"3275 Birch Rd, Fairview, TX 75001","3275 Birch Rd, Fairview, TX 75001",accepted,
ACME-00339,Viktor Jensen,Viktor Jensen,1966-12-12,1966-12-12,+1-926-502-2978,+1-926-502-2978,"3314 Maple Ave, Eastgate, OH 45202","3314 Maple Ave, Eastgate, OH 45202",accepted,
ACME-00192,Wei Zúbková,Wei Zúbková,1956-10-26,1956-10-26,+1-366-859-3593,+1-366-859-3593,"421 Oakwood Dr, Brookhaven, GA 30303","421 Oakwood Dr, Brookhaven, GA 30303",accepted,
ACME-01105,,,1991-11-23,1991-11-23,+1-418-660-4936,+1-418-660-4936,"4968 Birch Rd, Westwood, MA 02445","4968 Birch Rd, Westwood, MA 02445",accepted,
ACME-00752,Nikos Vasquez,Nikos Vasquez,1976-05-21,1976-05-21,+1-699-250-7257,+1-699-250-7257,"5704 Willow Ct, Riverton, WY 82501","5704 Willow Ct, Riverton, WY 82501",accepted,
ACME-00773,Yara O'Brien,Yara O'Brien,1958-05-16,1958-05-16,+1-820-318-9728,+1-820-318-9728,"3292 Cedar St, Eastgate, OH 45202","3292 Cedar St, Eastgate, OH 45202",accepted,
ACME-00364,Viktor Tanaka,Viktor Tanaka,1963-10-26,1963-10-26,+1-689-413-8411,+1-689-413-8411,"5928 Aspen Blvd, Greendale, CA 94027","5928 Aspen Blvd, Greendale, CA 94027",accepted,
ACME-00562,Kira Klein,Kira Klein,1958-03-18,1958-03-18,+1-929-429-8407,+1-929-429-8407,"2503 Sequoia Pl, Fairview, TX 75001","2503 Sequoia Pl, Fairview, TX 75001",accepted,
ACME-00966,Esma Sato,Esma Sato,1941-02-19,1941-02-19,+1-546-249-9251,+1-546-249-9251,"4178 Cedar St, Westwood, MA 02445","4178 Cedar St, Westwood, MA 02445",accepted,
ACME-00059,Xiomara Almeida,Xiomara Almeida,1951-09-19,1951-09-19,+1-828-420-6679,+1-828-420-6679,"5569 Pine Hollow, Riverton, WY 82501","5569 Pine Hollow, Riverton, WY 82501",accepted,
ACME-00060,Nikos Tanaka,Nikos Tanaka,1978-03-09,1978-03-09,+1-387-893-7850,+1-387-893-7850,"3939 Maple Ave, Riverton, WY 82501","3939 Maple Ave, Riverton, WY 82501",accepted,
ACME-01067,Uma Tanaka,Uma Tanaka,1978-03-08,1978-03-08,abc-def-ghij,,"2030 Elm Way, Springfield, IL 62701","2030 Elm Way, Springfield, IL 62701",accepted,
ACME-00113,Ravi Hassan,Ravi Hassan,1972-01-25,1972-01-25,+1-466-371-1813,+1-466-371-1813,"8334 Maple Ave, Springfield, IL 62701","8334 Maple Ave, Springfield, IL 62701",accepted,
ACME-00325,Xiomara Wójcik,Xiomara Wójcik,1952-11-04,1952-11-04,+1-200-264-1087,+1-200-264-1087,"3318 Oakwood Dr, Eastgate, OH 45202","3318 Oakwood Dr, Eastgate, OH 45202",accepted,
ACME-00386,Xiomara Dvořák,Xiomara Dvořák,1996-10-17,1996-10-17,+1-554-881-3882,+1-554-881-3882,"928 Pine Hollow, Springfield, IL 62701","928 Pine Hollow, Springfield, IL 62701",accepted,
ACME-00249,Joon Almeida,Joon Almeida,1940-05-21,1940-05-21,+1-585-461-4633,+1-585-461-4633,"9349 Sequoia Pl, Fairview, TX 75001","9349 Sequoia Pl, Fairview, TX 75001",accepted,
ACME-00602,Daria Fernández,Daria Fernández,2001-10-02,2001-10-02,+1-791-875-7081,+1-791-875-7081,"7609 Cedar St, Fairview, TX 75001","7609 Cedar St, Fairview, TX 75001",accepted,
ACME-00983,Oren Eze,Oren Eze,1991-01-10,1991-01-10,+1-884-324-8776,+1-884-324-8776,"3988 Elm Way, Riverton, WY 82501","3988 Elm Way, Riverton, WY 82501",accepted,
ACME-00892,Hiro Vasquez,Hiro Vasquez,1990-05-18,1990-05-18,+1-365-835-6211,+1-365-835-6211,"4516 Elm Way, Brookhaven, GA 30303","4516 Elm Way, Brookhaven, GA 30303",accepted,
ACME-00032,Sora Liu,Sora Liu,1975-09-14,1975-09-14,+1-269-225-8170,+1-269-225-8170,"7419 Aspen Blvd, Springfield, IL 62701","7419 Aspen Blvd, Springfield, IL 62701",accepted,
ACME-00003,Viktor Almeida,Viktor Almeida,1942-07-15,1942-07-15,+1-936-430-6797,+1-936-430-6797,"9244 Birch Rd, Riverton, WY 82501","9244 Birch Rd, Riverton, WY 82501",accepted,
ACME-01015,,,1966-02-08,1966-02-08,+1-400-528-2654,+1-400-528-2654,"3853 Maple Ave, Westwood, MA 02445","3853 Maple Ave, Westwood, MA 02445",accepted,
ACME-00656,Mei O'Brien,Mei O'Brien,1994-12-10,1994-12-10,+1-379-588-7038,+1-379-588-7038,"96 Birch Rd, Greendale, CA 94027","96 Birch Rd, Greendale, CA 94027",accepted,
ACME-00740,Viktor Nakamura,Viktor Nakamura,1989-12-10,1989-12-10,+1-356-389-5079,+1-356-389-5079,"7379 Oakwood Dr, Westwood, MA 02445","7379 Oakwood Dr, Westwood, MA 02445",accepted,
ACME-00110,Hiro O'Brien,Hiro O'Brien,2004-01-05,2004-01-05,+1-396-817-6680,+1-396-817-6680,"3458 Elm Way, Brookhaven, GA 30303","3458 Elm Way, Brookhaven, GA 30303",accepted,
ACME-00851,Gita Almeida,Gita Almeida,1996-12-09,1996-12-09,+1-799-358-3582,+1-799-358-3582,"8685 Sequoia Pl, Brookhaven, GA 30303","8685 Sequoia Pl, Brookhaven, GA 30303",accepted,
ACME-01048,Müller Wójcik,Müller Wójcik,1942-01-21,1942-01-21,+1-219-420-4894,+1-219-420-4894,"4195 Maple Ave, Riverton, WY 82501","4195 Maple Ave, Riverton, WY 82501",accepted,
ACME-00314,Lior Brennan,Lior Brennan,1980-07-09,1980-07-09,+1-888-435-4499,+1-888-435-4499,"507 Juniper Ln, Fairview, TX 75001","507 Juniper Ln, Fairview, TX 75001",accepted,
ACME-00510,Bao Pereira,Bao Pereira,1998-04-22,1998-04-22,+1-795-739-7783,+1-795-739-7783,"3899 Cedar St, Lakeshore, MN 55401","3899 Cedar St, Lakeshore, MN 55401",accepted,
ACME-00866,Gita Fernández,Gita Fernández,1960-01-07,1960-01-07,+1-400-504-1209,+1-400-504-1209,"5164 Sequoia Pl, Lakeshore, MN 55401","5164 Sequoia Pl, Lakeshore, MN 55401",accepted,
ACME-00911,Ravi Jensen,Ravi Jensen,1971-08-14,1971-08-14,+1-806-677-6460,+1-806-677-6460,"1141 Birch Rd, Fairview, TX 75001","1141 Birch Rd, Fairview, TX 75001",accepted,
ACME-00549,Ravi Xu,Ravi Xu,1983-07-03,1983-07-03,+1-545-314-6061,+1-545-314-6061,"7070 Willow Ct, Fairview, TX 75001","7070 Willow Ct, Fairview, TX 75001",accepted,
ACME-00834,Ravi Xu,Ravi Xu,1985-02-18,1985-02-18,+1-327-553-5662,+1-327-553-5662,"2886 Willow Ct, Springfield, IL 62701","2886 Willow Ct, Springfield, IL 62701",accepted,
ACME-01077,Lior Zúbková,Lior Zúbková,1981-04-01,1981-04-01,abc-def-ghij,,"2194 Elm Way, Springfield, IL 62701","2194 Elm Way, Springfield, IL 62701",accepted,
ACME-00635,Hiro Rossi,Hiro Rossi,2003-02-27,2003-02-27,+1-510-591-5480,+1-510-591-5480,"23 Oakwood Dr, Greendale, CA 94027","23 Oakwood Dr, Greendale, CA 94027",accepted,
ACME-00832,Ana Brennan,Ana Brennan,1985-08-11,1985-08-11,+1-882-605-1997,+1-882-605-1997,"4432 Willow Ct, Riverton, WY 82501","4432 Willow Ct, Riverton, WY 82501",accepted,
ACME-01111,Tariq Greco,Tariq Greco,,,+1-303-362-4265,+1-303-362-4265,"8247 Willow Ct, Brookhaven, GA 30303","8247 Willow Ct, Brookhaven, GA 30303",accepted,
ACME-00660,Hiro Müller,Hiro Müller,2001-08-08,2001-08-08,+1-674-494-3863,+1-674-494-3863,"7648 Aspen Blvd, Springfield, IL 62701","7648 Aspen Blvd, Springfield, IL 62701",accepted,
ACME-00462,Tariq Nakamura,Tariq Nakamura,1971-05-03,1971-05-03,+1-723-708-6956,+1-723-708-6956,"8601 Birch Rd, Riverton, WY 82501","8601 Birch Rd, Riverton, WY 82501",accepted,
ACME-00945,Quentin Wójcik,Quentin Wójcik,1945-11-19,1945-11-19,+1-889-225-3059,+1-889-225-3059,"2504 Oakwood Dr, Westwood, MA 02445","2504 Oakwood Dr, Westwood, MA 02445",accepted,
ACME-01009,AAAAAAAAAAAAAAAAAAAAAAAAAAAAAAAAAAAAAAAAAAAAAAAAAAAAAAAAAAAAAAAAAAAAAAAAAAAAAAAAAAAAAAAAAAAAAAAAAAAAAAAAAAAAAAAAAAAAAAAAAAAAAAAAAAAAAAAAAAAAAAAAAAAAAAAAAAAAAAAAAAAAAAAAAAAAAAAAAAAAAAAAAAAAAAAAAAAAAAAA,,1962-04-18,1962-04-18,+1-741-263-3049,+1-741-263-3049,"9332 Birch Rd, Westwood, MA 02445","9332 Birch Rd, Westwood, MA 02445",accepted,
ACME-00104,Ravi Xu,Ravi Xu,1995-10-20,1995-10-20,+1-566-212-3873,+1-566-212-3873,"48 Oakwood Dr, Fairview, TX 75001","48 Oakwood Dr, Fairview, TX 75001",accepted,
ACME-00130,Viktor Quist,Viktor Quist,1998-03-14,1998-03-14,+1-466-851-5199,+1-466-851-5199,"4312 Cedar St, Eastgate, OH 45202","4312 Cedar St, Eastgate, OH 45202",accepted,
ACME-01084,AAAAAAAAAAAAAAAAAAAAAAAAAAAAAAAAAAAAAAAAAAAAAAAAAAAAAAAAAAAAAAAAAAAAAAAAAAAAAAAAAAAAAAAAAAAAAAAAAAAAAAAAAAAAAAAAAAAAAAAAAAAAAAAAAAAAAAAAAAAAAAAAAAAAAAAAAAAAAAAAAAAAAAAAAAAAAAAAAAAAAAAAAAAAAAAAAAAAAAAA,,1942-04-24,1942-04-24,+1-859-624-3093,+1-859-624-3093,"3571 Sequoia Pl, Riverton, WY 82501","3571 Sequoia Pl, Riverton, WY 82501",accepted,
ACME-00008,Daria Rossi,Daria Rossi,1947-04-01,1947-04-01,+1-316-530-6263,+1-316-530-6263,"3504 Elm Way, Greendale, CA 94027","3504 Elm Way, Greendale, CA 94027",accepted,
ACME-00958,Yara Sato,Yara Sato,1998-04-20,1998-04-20,+1-288-682-1782,+1-288-682-1782,"5210 Pine Hollow, Eastgate, OH 45202","5210 Pine Hollow, Eastgate, OH 45202",accepted,
ACME-00182,Sora Jensen,Sora Jensen,1960-09-19,1960-09-19,+1-725-266-4310,+1-725-266-4310,"3120 Elm Way, Greendale, CA 94027","3120 Elm Way, Greendale, CA 94027",accepted,
ACME-00211,Bao Liu,Bao Liu,2002-08-22,2002-08-22,+1-677-694-3740,+1-677-694-3740,"423 Sequoia Pl, Fairview, TX 75001","423 Sequoia Pl, Fairview, TX 75001",accepted,
ACME-00200,Xiomara Yamamoto,Xiomara Yamamoto,1955-12-05,1955-12-05,+1-771-714-1726,+1-771-714-1726,"328 Sequoia Pl, Eastgate, OH 45202","328 Sequoia Pl, Eastgate, OH 45202",accepted,
ACME-00118,Zane Zúbková,Zane Zúbková,1999-08-19,1999-08-19,+1-704-867-4163,+1-704-867-4163,"9933 Cedar St, Fairview, TX 75001","9933 Cedar St, Fairview, TX 75001",accepted,
ACME-00720,Viktor Jensen,Viktor Jensen,1952-06-26,1952-06-26,+1-745-445-6344,+1-745-445-6344,"5055 Maple Ave, Springfield, IL 62701","5055 Maple Ave, Springfield, IL 62701",accepted,
ACME-00004,Daria Fernández,Daria Fernández,1959-07-23,1959-07-23,+1-425-981-6111,+1-425-981-6111,"2831 Sequoia Pl, Fairview, TX 75001","2831 Sequoia Pl, Fairview, TX 75001",accepted,
ACME-00659,Daria Fernández,Daria Fernández,1968-11-19,1968-11-19,+1-858-509-9861,+1-858-509-9861,"2541 Birch Rd, Fairview, TX 75001","2541 Birch Rd, Fairview, TX 75001",accepted,
ACME-00965,Caleb Zúbková,Caleb Zúbková,1957-12-25,1957-12-25,+1-626-699-5371,+1-626-699-5371,"4606 Aspen Blvd, Lakeshore, MN 55401","4606 Aspen Blvd, Lakeshore, MN 55401",accepted,
ACME-00035,Sora Liu,Sora Liu,1974-09-19,1974-09-19,+1-888-497-5077,+1-888-497-5077,"4439 Sequoia Pl, Springfield, IL 62701","4439 Sequoia Pl, Springfield, IL 62701",accepted,
ACME-00196,Lior Dvořák,Lior Dvořák,2002-06-08,2002-06-08,+1-792-411-6318,+1-792-411-6318,"3996 Birch Rd, Eastgate, OH 45202","3996 Birch Rd, Eastgate, OH 45202",accepted,
ACME-00870,Nikos Ueda,Nikos Ueda,1966-10-18,1966-10-18,+1-348-835-3344,+1-348-835-3344,"8454 Maple Ave, Riverton, WY 82501","8454 Maple Ave, Riverton, WY 82501",accepted,
ACME-00890,Daria Hassan,Daria Hassan,1977-01-26,1977-01-26,+1-244-285-1875,+1-244-285-1875,"85 Elm Way, Fairview, TX 75001","85 Elm Way, Fairview, TX 75001",accepted,
ACME-00336,Nikos Hassan,Nikos Hassan,1944-11-07,1944-11-07,+1-659-253-2593,+1-659-253-2593,"6764 Pine Hollow, Lakeshore, MN 55401","6764 Pine Hollow, Lakeshore, MN 55401",accepted,
ACME-01089,AAAAAAAAAAAAAAAAAAAAAAAAAAAAAAAAAAAAAAAAAAAAAAAAAAAAAAAAAAAAAAAAAAAAAAAAAAAAAAAAAAAAAAAAAAAAAAAAAAAAAAAAAAAAAAAAAAAAAAAAAAAAAAAAAAAAAAAAAAAAAAAAAAAAAAAAAAAAAAAAAAAAAAAAAAAAAAAAAAAAAAAAAAAAAAAAAAAAAAAA,,1959-12-17,1959-12-17,+1-836-423-9876,+1-836-423-9876,"6354 Pine Hollow, Brookhaven, GA 30303","6354 Pine Hollow, Brookhaven, GA 30303",accepted,
ACME-00691,Ife Rossi,Ife Rossi,1955-03-27,1955-03-27,+1-931-343-6540,+1-931-343-6540,"771 Willow Ct, Riverton, WY 82501","771 Willow Ct, Riverton, WY 82501",accepted,
ACME-00290,Joon Yamamoto,Joon Yamamoto,1982-08-14,1982-08-14,+1-359-322-7885,+1-359-322-7885,"5953 Pine Hollow, Brookhaven, GA 30303","5953 Pine Hollow, Brookhaven, GA 30303",accepted,
ACME-00639,Esma Almeida,Esma Almeida,1945-02-09,1945-02-09,+1-342-669-9343,+1-342-669-9343,"6281 Maple Ave, Brookhaven, GA 30303","6281 Maple Ave, Brookhaven, GA 30303",accepted,
ACME-00611,Caleb Rossi,Caleb Rossi,1958-10-22,1958-10-22,+1-390-980-1128,+1-390-980-1128,"5502 Birch Rd, Eastgate, OH 45202","5502 Birch Rd, Eastgate, OH 45202",accepted,
ACME-00312,Sora Rossi,Sora Rossi,1996-05-27,1996-05-27,+1-307-583-3767,+1-307-583-3767,"7930 Pine Hollow, Greendale, CA 94027","7930 Pine Hollow, Greendale, CA 94027",accepted,
ACME-01081,Lior Vasquez,Lior Vasquez,,,+1-826-729-6754,+1-826-729-6754,"4890 Juniper Ln, Westwood, MA 02445","4890 Juniper Ln, Westwood, MA 02445",accepted,
ACME-01151,Mei Nakamura,Mei Nakamura,,,+1-253-874-3510,+1-253-874-3510,"8767 Elm Way, Westwood, MA 02445","8767 Elm Way, Westwood, MA 02445",accepted,
ACME-00017,Quentin Tanaka,Quentin Tanaka,1948-07-17,1948-07-17,+1-356-958-5817,+1-356-958-5817,"7196 Sequoia Pl, Greendale, CA 94027","7196 Sequoia Pl, Greendale, CA 94027",accepted,
ACME-01031,Quentin Vasquez,Quentin Vasquez,,,+1-507-513-6000,+1-507-513-6000,"7170 Pine Hollow, Brookhaven, GA 30303","7170 Pine Hollow, Brookhaven, GA 30303",accepted,
ACME-01135,,,1971-07-20,1971-07-20,+1-216-551-8183,+1-216-551-8183,"4524 Birch Rd, Eastgate, OH 45202","4524 Birch Rd, Eastgate, OH 45202",accepted,
ACME-00230,Yara Ivanova,Yara Ivanova,1981-01-25,1981-01-25,+1-419-354-5109,+1-419-354-5109,"5225 Juniper Ln, Lakeshore, MN 55401","5225 Juniper Ln, Lakeshore, MN 55401",accepted,
ACME-00001,Gita O'Brien,Gita O'Brien,1991-07-20,1991-07-20,+1-772-815-5956,+1-772-815-5956,"9930 Birch Rd, Lakeshore, MN 55401","9930 Birch Rd, Lakeshore, MN 55401",accepted,
ACME-00574,Uma Pereira,Uma Pereira,1968-05-10,1968-05-10,+1-981-662-9175,+1-981-662-9175,"6192 Elm Way, Greendale, CA 94027","6192 Elm Way, Greendale, CA 94027",accepted,
ACME-01072,Yara Dvořák,Yara Dvořák,1958-07-19,1958-07-19,abc-def-ghij,,"4953 Elm Way, Brookhaven, GA 30303","4953 Elm Way, Brookhaven, GA 30303",accepted,
ACME-01186,Mei Yamamoto,Mei Yamamoto,,,+1-953-417-5725,+1-953-417-5725,"7824 Cedar St, Eastgate, OH 45202","7824 Cedar St, Eastgate, OH 45202",accepted,
ACME-00260,Uma Rossi,Uma Rossi,1974-07-10,1974-07-10,+1-714-919-9614,+1-714-919-9614,"1312 Oakwood Dr, Greendale, CA 94027","1312 Oakwood Dr, Greendale, CA 94027",accepted,
ACME-00391,Caleb Yamamoto,Caleb Yamamoto,1993-10-12,1993-10-12,+1-265-825-9912,+1-265-825-9912,"6983 Pine Hollow, Greendale, CA 94027","6983 Pine Hollow, Greendale, CA 94027",accepted,
ACME-00252,Mei Castellanos,Mei Castellanos,1997-10-26,1997-10-26,+1-502-393-4571,+1-502-393-4571,"5148 Maple Ave, Lakeshore, MN 55401","5148 Maple Ave, Lakeshore, MN 55401",accepted,
ACME-00194,Mei Ivanova,Mei Ivanova,1940-05-01,1940-05-01,+1-507-616-9349,+1-507-616-9349,"1972 Elm Way, Brookhaven, GA 30303","1972 Elm Way, Brookhaven, GA 30303",accepted,
ACME-00475,Gita Hassan,Gita Hassan,2002-09-02,2002-09-02,+1-565-339-3142,+1-565-339-3142,"2877 Sequoia Pl, Brookhaven, GA 30303","2877 Sequoia Pl, Brookhaven, GA 30303",accepted,
ACME-00047,Wei Pereira,Wei Pereira,1957-10-28,1957-10-28,+1-786-256-5983,+1-786-256-5983,"413 Juniper Ln, Springfield, IL 62701","413 Juniper Ln, Springfield, IL 62701",accepted,
ACME-01130,,,1986-06-02,1986-06-02,+1-570-368-8601,+1-570-368-8601,"5401 Pine Hollow, Fairview, TX 75001","5401 Pine Hollow, Fairview, TX 75001",accepted,
ACME-00020,Ana Vasquez,Ana Vasquez,1992-05-20,1992-05-20,+1-401-988-1778,+1-401-988-1778,"1555 Oakwood Dr, Greendale, CA 94027","1555 Oakwood Dr, Greendale, CA 94027",accepted,
ACME-00900,Esma Brennan,Esma Brennan,1956-01-26,1956-01-26,+1-378-950-5178,+1-378-950-5178,"8735 Cedar St, Fairview, TX 75001","8735 Cedar St, Fairview, TX 75001",accepted,
ACME-00343,Tariq Ivanova,Tariq Ivanova,1981-04-28,1981-04-28,+1-301-568-5343,+1-301-568-5343,"4005 Oakwood Dr, Greendale, CA 94027","4005 Oakwood Dr, Greendale, CA 94027",accepted,
ACME-01038,Müller Wójcik,Müller Wójcik,1953-08-20,1953-08-20,+1-974-334-9558,+1-974-334-9558,"8468 Cedar St, Lakeshore, MN 55401","8468 Cedar St, Lakeshore, MN 55401",accepted,
ACME-00157,Joon Dvořák,Joon Dvořák,1997-04-16,1997-04-16,+1-328-320-9805,+1-328-320-9805,"343 Maple Ave, Westwood, MA 02445","343 Maple Ave, Westwood, MA 02445",accepted,
ACME-01058,Müller Wójcik,Müller Wójcik,1992-10-10,1992-10-10,+1-229-252-7157,+1-229-252-7157,"8864 Cedar St, Westwood, MA 02445","8864 Cedar St, Westwood, MA 02445",accepted,
ACME-00542,Yara Jensen,Yara Jensen,1988-05-23,1988-05-23,+1-561-686-6468,+1-561-686-6468,"8693 Juniper Ln, Springfield, IL 62701","8693 Juniper Ln, Springfield, IL 62701",accepted,
ACME-00482,Bao Rossi,Bao Rossi,1991-07-28,1991-07-28,+1-393-316-1713,+1-393-316-1713,"5341 Elm Way, Lakeshore, MN 55401","5341 Elm Way, Lakeshore, MN 55401",accepted,
ACME-00796,Uma Fernández,Uma Fernández,1955-09-24,1955-09-24,+1-624-758-3826,+1-624-758-3826,"1911 Oakwood Dr, Westwood, MA 02445","1911 Oakwood Dr, Westwood, MA 02445",accepted,
ACME-01032,Xiomara Brennan,Xiomara Brennan,1986-03-26,1986-03-26,abc-def-ghij,,"1538 Maple Ave, Riverton, WY 82501","1538 Maple Ave, Riverton, WY 82501",accepted,
ACME-00862,Viktor Dvořák,Viktor Dvořák,1990-11-17,1990-11-17,+1-725-795-8974,+1-725-795-8974,"4412 Oakwood Dr, Eastgate, OH 45202","4412 Oakwood Dr, Eastgate, OH 45202",accepted,
ACME-00303,Bao Fernández,Bao Fernández,1964-06-26,1964-06-26,+1-901-367-4111,+1-901-367-4111,"9775 Cedar St, Brookhaven, GA 30303","9775 Cedar St, Brookhaven, GA 30303",accepted,
ACME-00425,Quentin Rossi,Quentin Rossi,1982-04-03,1982-04-03,+1-947-380-9902,+1-947-380-9902,"9738 Cedar St, Brookhaven, GA 30303","9738 Cedar St, Brookhaven, GA 30303",accepted,
ACME-00634,Bao Zúbková,Bao Zúbková,1967-09-09,1967-09-09,+1-413-558-9674,+1-413-558-9674,"6124 Elm Way, Greendale, CA 94027","6124 Elm Way, Greendale, CA 94027",accepted,
ACME-00451,Oren Pereira,Oren Pereira,1993-04-16,1993-04-16,+1-670-512-6441,+1-670-512-6441,"1423 Oakwood Dr, Riverton, WY 82501","1423 Oakwood Dr, Riverton, WY 82501",accepted,
ACME-01141,Wei Nakamura,Wei Nakamura,,,+1-605-714-6858,+1-605-714-6858,"9909 Oakwood Dr, Springfield, IL 62701","9909 Oakwood Dr, Springfield, IL 62701",accepted,
ACME-00811,Ravi Müller,Ravi Müller,2003-10-12,2003-10-12,+1-969-243-8709,+1-969-243-8709,"995 Juniper Ln, Riverton, WY 82501","995 Juniper Ln, Riverton, WY 82501",accepted,
ACME-01025,,,1945-05-05,1945-05-05,+1-573-558-7778,+1-573-558-7778,"9081 Elm Way, Eastgate, OH 45202","9081 Elm Way, Eastgate, OH 45202",accepted,
ACME-00145,Hiro Brennan,Hiro Brennan,1999-01-24,1999-01-24,+1-621-235-2181,+1-621-235-2181,"8844 Cedar St, Riverton, WY 82501","8844 Cedar St, Riverton, WY 82501",accepted,
ACME-00179,Lior Brennan,Lior Brennan,1968-12-04,1968-12-04,+1-934-324-6273,+1-934-324-6273,"9036 Aspen Blvd, Fairview, TX 75001","9036 Aspen Blvd, Fairview, TX 75001",accepted,
ACME-00744,Caleb Pereira,Caleb Pereira,1972-12-18,1972-12-18,+1-448-485-9516,+1-448-485-9516,"581 Maple Ave, Westwood, MA 02445","581 Maple Ave, Westwood, MA 02445",accepted,
ACME-00310,Wei Liu,Wei Liu,1963-06-02,1963-06-02,+1-524-598-6356,+1-524-598-6356,"1280 Oakwood Dr, Fairview, TX 75001","1280 Oakwood Dr, Fairview, TX 75001",accepted,
ACME-01140,,,1954-07-04,1954-07-04,+1-398-667-4633,+1-398-667-4633,"195 Elm Way, Fairview, TX 75001","195 Elm Way, Fairview, TX 75001",accepted,
ACME-00910,Joon Wójcik,Joon Wójcik,1988-12-10,1988-12-10,+1-591-934-7433,+1-591-934-7433,"4859 Cedar St, Springfield, IL 62701","4859 Cedar St, Springfield, IL 62701",accepted,
ACME-00810,Priya Brennan,Priya Brennan,1975-07-24,1975-07-24,+1-275-356-6396,+1-275-356-6396,"4255 Oakwood Dr, Fairview, TX 75001","4255 Oakwood Dr, Fairview, TX 75001",accepted,
ACME-00743,Uma Yamamoto,Uma Yamamoto,1994-04-15,1994-04-15,+1-224-431-4394,+1-224-431-4394,"9030 Aspen Blvd, Westwood, MA 02445","9030 Aspen Blvd, Westwood, MA 02445",accepted,
ACME-01134,AAAAAAAAAAAAAAAAAAAAAAAAAAAAAAAAAAAAAAAAAAAAAAAAAAAAAAAAAAAAAAAAAAAAAAAAAAAAAAAAAAAAAAAAAAAAAAAAAAAAAAAAAAAAAAAAAAAAAAAAAAAAAAAAAAAAAAAAAAAAAAAAAAAAAAAAAAAAAAAAAAAAAAAAAAAAAAAAAAAAAAAAAAAAAAAAAAAAAAAA,,1998-12-02,1998-12-02,+1-721-792-4430,+1-721-792-4430,"81 Pine Hollow, Westwood, MA 02445","81 Pine Hollow, Westwood, MA 02445",accepted,
ACME-00191,Joon Pereira,Joon Pereira,1976-09-01,1976-09-01,+1-375-603-8243,+1-375-603-8243,"6077 Oakwood Dr, Lakeshore, MN 55401","6077 Oakwood Dr, Lakeshore, MN 55401",accepted,
ACME-00949,Sora Liu,Sora Liu,1979-11-09,1979-11-09,+1-947-651-2696,+1-947-651-2696,"3504 Cedar St, Lakeshore, MN 55401","3504 Cedar St, Lakeshore, MN 55401",accepted,
ACME-00685,Sora O'Brien,Sora O'Brien,1962-11-09,1962-11-09,+1-943-270-4000,+1-943-270-4000,"2905 Pine Hollow, Eastgate, OH 45202","2905 Pine Hollow, Eastgate, OH 45202",accepted,
ACME-00859,Uma Castellanos,Uma Castellanos,1940-04-16,1940-04-16,+1-391-697-3750,+1-391-697-3750,"8749 Elm Way, Fairview, TX 75001","8749 Elm Way, Fairview, TX 75001",accepted,
ACME-00620,Hiro Almeida,Hiro Almeida,1979-09-16,1979-09-16,+1-500-299-2227,+1-500-299-2227,"4459 Aspen Blvd, Westwood, MA 02445","4459 Aspen Blvd, Westwood, MA 02445",accepted,
ACME-00456,Hiro Greco,Hiro Greco,1984-11-22,1984-11-22,+1-940-254-6960,+1-940-254-6960,"1399 Birch Rd, Springfield, IL 62701","1399 Birch Rd, Springfield, IL 62701",accepted,
ACME-00979,Sora Xu,Sora Xu,1940-02-10,1940-02-10,+1-641-936-9232,+1-641-936-9232,"415 Willow Ct, Fairview, TX 75001","415 Willow Ct, Fairview, TX 75001",accepted,
ACME-01011,Ife Xu,Ife Xu,,,+1-448-782-1170,+1-448-782-1170,"7799 Juniper Ln, Springfield, IL 62701","7799 Juniper Ln, Springfield, IL 62701",accepted,
ACME-00835,Sora Ueda,Sora Ueda,1963-09-27,1963-09-27,+1-217-484-1786,+1-217-484-1786,"6372 Cedar St, Lakeshore, MN 55401","6372 Cedar St, Lakeshore, MN 55401",accepted,
ACME-00169,Hiro Klein,Hiro Klein,1996-10-17,1996-10-17,+1-749-913-1612,+1-749-913-1612,"3588 Cedar St, Brookhaven, GA 30303","3588 Cedar St, Brookhaven, GA 30303",accepted,
ACME-01075,,,1984-04-17,1984-04-17,+1-564-348-9949,+1-564-348-9949,"294 Willow Ct, Fairview, TX 75001","294 Willow Ct, Fairview, TX 75001",accepted,
ACME-00148,Bao Müller,Bao Müller,1960-08-07,1960-08-07,+1-933-777-6663,+1-933-777-6663,"4873 Birch Rd, Brookhaven, GA 30303","4873 Birch Rd, Brookhaven, GA 30303",accepted,
ACME-00382,Joon Sato,Joon Sato,1979-12-19,1979-12-19,+1-949-658-6646,+1-949-658-6646,"8517 Cedar St, Westwood, MA 02445","8517 Cedar St, Westwood, MA 02445",accepted,
ACME-00267,Quentin Quist,Quentin Quist,1975-05-05,1975-05-05,+1-389-434-4748,+1-389-434-4748,"6385 Juniper Ln, Lakeshore, MN 55401","6385 Juniper Ln, Lakeshore, MN 55401",accepted,
ACME-00345,Daria Almeida,Daria Almeida,1990-05-07,1990-05-07,+1-253-553-3621,+1-253-553-3621,"2863 Birch Rd, Fairview, TX 75001","2863 Birch Rd, Fairview, TX 75001",accepted,
ACME-01021,Nikos Pereira,Nikos Pereira,,,+1-272-215-5893,+1-272-215-5893,"5951 Elm Way, Fairview, TX 75001","5951 Elm Way, Fairview, TX 75001",accepted,
ACME-00807,Ife Pereira,Ife Pereira,1946-06-06,1946-06-06,+1-848-327-1823,+1-848-327-1823,"701 Cedar St, Riverton, WY 82501","701 Cedar St, Riverton, WY 82501",accepted,
ACME-00778,Joon Pereira,Joon Pereira,1979-01-08,1979-01-08,+1-664-576-9194,+1-664-576-9194,"8139 Pine Hollow, Eastgate, OH 45202","8139 Pine Hollow, Eastgate, OH 45202",accepted,
ACME-00688,Oren Yamamoto,Oren Yamamoto,1973-04-09,1973-04-09,+1-596-749-4037,+1-596-749-4037,"8815 Birch Rd, Greendale, CA 94027","8815 Birch Rd, Greendale, CA 94027",accepted,
ACME-00861,Quentin Eze,Quentin Eze,2001-10-21,2001-10-21,+1-780-835-3584,+1-780-835-3584,"4590 Juniper Ln, Springfield, IL 62701","4590 Juniper Ln, Springfield, IL 62701",accepted,
ACME-00947,Priya Yamamoto,Priya Yamamoto,1963-11-25,1963-11-25,+1-525-619-7547,+1-525-619-7547,"9703 Oakwood Dr, Eastgate, OH 45202","9703 Oakwood Dr, Eastgate, OH 45202",accepted,
ACME-00787,Viktor Eze,Viktor Eze,1978-07-23,1978-07-23,+1-491-486-5646,+1-491-486-5646,"2691 Birch Rd, Springfield, IL 62701","2691 Birch Rd, Springfield, IL 62701",accepted,
ACME-00736,Mei Liu,Mei Liu,1964-06-12,1964-06-12,+1-943-351-2170,+1-943-351-2170,"563 Sequoia Pl, Greendale, CA 94027","563 Sequoia Pl, Greendale, CA 94027",accepted,
ACME-00860,Priya Nakamura,Priya Nakamura,1956-03-06,1956-03-06,+1-828-417-2485,+1-828-417-2485,"5950 Juniper Ln, Westwood, MA 02445","5950 Juniper Ln, Westwood, MA 02445",accepted,
ACME-00243,Gita Eze,Gita Eze,1953-01-01,1953-01-01,+1-659-813-2935,+1-659-813-2935,"3467 Cedar St, Riverton, WY 82501","3467 Cedar St, Riverton, WY 82501",accepted,
ACME-00781,Wei Dvořák,Wei Dvořák,1992-03-07,1992-03-07,+1-911-912-7889,+1-911-912-7889,"2009 Sequoia Pl, Fairview, TX 75001","2009 Sequoia Pl, Fairview, TX 75001",accepted,
ACME-00270,Oren Jensen,Oren Jensen,1978-03-03,1978-03-03,+1-840-921-5994,+1-840-921-5994,"6368 Pine Hollow, Riverton, WY 82501","6368 Pine Hollow, Riverton, WY 82501",accepted,
ACME-00215,Daria Castellanos,Daria Castellanos,1992-05-04,1992-05-04,+1-488-848-6908,+1-488-848-6908,"8947 Elm Way, Brookhaven, GA 30303","8947 Elm Way, Brookhaven, GA 30303",accepted,
ACME-00177,Caleb Jensen,Caleb Jensen,2002-03-25,2002-03-25,+1-727-692-7874,+1-727-692-7874,"3159 Aspen Blvd, Lakeshore, MN 55401","3159 Aspen Blvd, Lakeshore, MN 55401",accepted,
ACME-00165,Wei Müller,Wei Müller,1971-04-17,1971-04-17,+1-867-829-5249,+1-867-829-5249,"9088 Juniper Ln, Springfield, IL 62701","9088 Juniper Ln, Springfield, IL 62701",accepted,
ACME-00164,Nikos Zúbková,Nikos Zúbková,1958-10-20,1958-10-20,+1-710-399-1148,+1-710-399-1148,"6907 Elm Way, Brookhaven, GA 30303","6907 Elm Way, Brookhaven, GA 30303",accepted,
ACME-01124,AAAAAAAAAAAAAAAAAAAAAAAAAAAAAAAAAAAAAAAAAAAAAAAAAAAAAAAAAAAAAAAAAAAAAAAAAAAAAAAAAAAAAAAAAAAAAAAAAAAAAAAAAAAAAAAAAAAAAAAAAAAAAAAAAAAAAAAAAAAAAAAAAAAAAAAAAAAAAAAAAAAAAAAAAAAAAAAAAAAAAAAAAAAAAAAAAAAAAAAA,,1987-04-19,1987-04-19,+1-768-943-3654,+1-768-943-3654,"5270 Oakwood Dr, Greendale, CA 94027","5270 Oakwood Dr, Greendale, CA 94027",accepted,
ACME-00527,Daria Wójcik,Daria Wójcik,1959-06-20,1959-06-20,+1-583-444-4949,+1-583-444-4949,"2771 Pine Hollow, Fairview, TX 75001","2771 Pine Hollow, Fairview, TX 75001",accepted,
ACME-00414,Mei Liu,Mei Liu,1978-01-20,1978-01-20,+1-789-325-2684,+1-789-325-2684,"2420 Juniper Ln, Westwood, MA 02445","2420 Juniper Ln, Westwood, MA 02445",accepted,
ACME-00905,Priya Ueda,Priya Ueda,1974-03-02,1974-03-02,+1-816-246-9623,+1-816-246-9623,"3543 Elm Way, Riverton, WY 82501","3543 Elm Way, Riverton, WY 82501",accepted,
ACME-00692,Ravi Hassan,Ravi Hassan,1962-08-13,1962-08-13,+1-554-939-4932,+1-554-939-4932,"9450 Maple Ave, Lakeshore, MN 55401","9450 Maple Ave, Lakeshore, MN 55401",accepted,
ACME-00367,Daria Ueda,Daria Ueda,1950-08-25,1950-08-25,+1-487-625-7151,+1-487-625-7151,"876 Juniper Ln, Springfield, IL 62701","876 Juniper Ln, Springfield, IL 62701",accepted,
ACME-01110,,,1995-12-16,1995-12-16,+1-751-713-9063,+1-751-713-9063,"1340 Elm Way, Brookhaven, GA 30303","1340 Elm Way, Brookhaven, GA 30303",accepted,
ACME-01045,,,1983-04-08,1983-04-08,+1-297-843-5494,+1-297-843-5494,"8069 Juniper Ln, Brookhaven, GA 30303","8069 Juniper Ln, Brookhaven, GA 30303",accepted,
ACME-00381,Ife Greco,Ife Greco,2005-07-21,2005-07-21,+1-521-654-2254,+1-521-654-2254,"9900 Maple Ave, Riverton, WY 82501","9900 Maple Ave, Riverton, WY 82501",accepted,
ACME-00886,Yara Sato,Yara Sato,1996-10-25,1996-10-25,+1-426-612-3476,+1-426-612-3476,"4584 Cedar St, Fairview, TX 75001","4584 Cedar St, Fairview, TX 75001",accepted,
ACME-00972,Hiro Ivanova,Hiro Ivanova,1963-04-25,1963-04-25,+1-813-863-3586,+1-813-863-3586,"3133 Oakwood Dr, Fairview, TX 75001","3133 Oakwood Dr, Fairview, TX 75001",accepted,
ACME-00363,Xiomara Vasquez,Xiomara Vasquez,1953-05-23,1953-05-23,+1-210-642-5194,+1-210-642-5194,"6444 Aspen Blvd, Fairview, TX 75001","6444 Aspen Blvd, Fairview, TX 75001",accepted,
ACME-00413,Nikos Brennan,Nikos Brennan,1988-05-28,1988-05-28,+1-641-698-8017,+1-641-698-8017,"5631 Oakwood Dr, Springfield, IL 62701","5631 Oakwood Dr, Springfield, IL 62701",accepted,
ACME-00323,Bao Quist,Bao Quist,1970-11-26,1970-11-26,+1-803-220-7300,+1-803-220-7300,"3657 Aspen Blvd, Eastgate, OH 45202","3657 Aspen Blvd, Eastgate, OH 45202",accepted,
ACME-00274,Lior Zúbková,Lior Zúbková,1997-10-28,1997-10-28,+1-285-635-5900,+1-285-635-5900,"1936 Aspen Blvd, Riverton, WY 82501","1936 Aspen Blvd, Riverton, WY 82501",accepted,
ACME-00216,Bao Pereira,Bao Pereira,1978-05-16,1978-05-16,+1-504-801-9088,+1-504-801-9088,"2840 Oakwood Dr, Riverton, WY 82501","2840 Oakwood Dr, Riverton, WY 82501",accepted,
ACME-00647,Ravi Pereira,Ravi Pereira,1941-03-22,1941-03-22,+1-302-442-9194,+1-302-442-9194,"5325 Oakwood Dr, Riverton, WY 82501","5325 Oakwood Dr, Riverton, WY 82501",accepted,
ACME-00476,Priya Klein,Priya Klein,1993-08-27,1993-08-27,+1-382-663-6127,+1-382-663-6127,"7064 Juniper Ln, Brookhaven, GA 30303","7064 Juniper Ln, Brookhaven, GA 30303",accepted,
ACME-00508,Joon Castellanos,Joon Castellanos,2003-09-05,2003-09-05,+1-851-560-6552,+1-851-560-6552,"2595 Maple Ave, Riverton, WY 82501","2595 Maple Ave, Riverton, WY 82501",accepted,
ACME-00582,Hiro Ivanova,Hiro Ivanova,1954-12-05,1954-12-05,+1-263-620-3458,+1-263-620-3458,"4169 Sequoia Pl, Lakeshore, MN 55401","4169 Sequoia Pl, Lakeshore, MN 55401",accepted,
ACME-00291,Sora Ivanova,Sora Ivanova,1961-07-12,1961-07-12,+1-362-909-7244,+1-362-909-7244,"9582 Cedar St, Riverton, WY 82501","9582 Cedar St, Riverton, WY 82501",accepted,
ACME-01122,Hiro O'Brien,Hiro O'Brien,1949-03-15,1949-03-15,abc-def-ghij,,"4890 Willow Ct, Eastgate, OH 45202","4890 Willow Ct, Eastgate, OH 45202",accepted,
ACME-00658,Farid Hassan,Farid Hassan,1972-07-12,1972-07-12,+1-607-893-5490,+1-607-893-5490,"9477 Pine Hollow, Riverton, WY 82501","9477 Pine Hollow, Riverton, WY 82501",accepted,
ACME-00842,Kira Greco,Kira Greco,1994-11-25,1994-11-25,+1-815-945-5012,+1-815-945-5012,"231 Pine Hollow, Brookhaven, GA 30303","231 Pine Hollow, Brookhaven, GA 30303",accepted,
ACME-00730,Sora Castellanos,Sora Castellanos,1954-08-07,1954-08-07,+1-426-267-1300,+1-426-267-1300,"2623 Elm Way, Eastgate, OH 45202","2623 Elm Way, Eastgate, OH 45202",accepted,
ACME-00579,Priya Xu,Priya Xu,2002-03-25,2002-03-25,+1-776-250-1792,+1-776-250-1792,"4591 Elm Way, Eastgate, OH 45202","4591 Elm Way, Eastgate, OH 45202",accepted,
ACME-00846,Ravi Klein,Ravi Klein,1945-10-16,1945-10-16,+1-534-708-2944,+1-534-708-2944,"1433 Cedar St, Fairview, TX 75001","1433 Cedar St, Fairview, TX 75001",accepted,
ACME-01097,Caleb Quist,Caleb Quist,1974-04-17,1974-04-17,abc-def-ghij,,"8677 Sequoia Pl, Riverton, WY 82501","8677 Sequoia Pl, Riverton, WY 82501",accepted,
ACME-00075,Esma Zúbková,Esma Zúbková,2002-12-09,2002-12-09,+1-770-429-9586,+1-770-429-9586,"3740 Sequoia Pl, Westwood, MA 02445","3740 Sequoia Pl, Westwood, MA 02445",accepted,
ACME-00536,Lior Castellanos,Lior Castellanos,1943-10-04,1943-10-04,+1-368-241-5448,+1-368-241-5448,"1606 Willow Ct, Fairview, TX 75001","1606 Willow Ct, Fairview, TX 75001",accepted,
ACME-00880,Ife Zúbková,Ife Zúbková,1962-05-08,1962-05-08,+1-238-501-9964,+1-238-501-9964,"9002 Pine Hollow, Riverton, WY 82501","9002 Pine Hollow, Riverton, WY 82501",accepted,
ACME-01171,Ana Yamamoto,Ana Yamamoto,,,+1-547-850-2819,+1-547-850-2819,"1101 Juniper Ln, Riverton, WY 82501","1101 Juniper Ln, Riverton, WY 82501",accepted,
ACME-00221,Ravi Klein,Ravi Klein,1940-07-06,1940-07-06,+1-942-611-5880,+1-942-611-5880,"701 Oakwood Dr, Lakeshore, MN 55401","701 Oakwood Dr, Lakeshore, MN 55401",accepted,
ACME-00140,Ife Nakamura,Ife Nakamura,1958-11-18,1958-11-18,+1-975-627-2735,+1-975-627-2735,"6764 Maple Ave, Eastgate, OH 45202","6764 Maple Ave, Eastgate, OH 45202",accepted,
ACME-00791,Uma Yamamoto,Uma Yamamoto,1964-08-25,1964-08-25,+1-270-245-6619,+1-270-245-6619,"1099 Maple Ave, Fairview, TX 75001","1099 Maple Ave, Fairview, TX 75001",accepted,
ACME-00387,Gita Hassan,Gita Hassan,1996-10-10,1996-10-10,+1-327-458-7464,+1-327-458-7464,"2650 Juniper Ln, Brookhaven, GA 30303","2650 Juniper Ln, Brookhaven, GA 30303",accepted,
ACME-00352,Zane Sato,Zane Sato,1970-07-11,1970-07-11,+1-261-230-4182,+1-261-230-4182,"8539 Elm Way, Riverton, WY 82501","8539 Elm Way, Riverton, WY 82501",accepted,
ACME-00455,Priya Dvořák,Priya Dvořák,2002-04-15,2002-04-15,+1-397-706-4421,+1-397-706-4421,"9229 Pine Hollow, Westwood, MA 02445","9229 Pine Hollow, Westwood, MA 02445",accepted,
ACME-00944,Farid Ivanova,Farid Ivanova,1975-11-21,1975-11-21,+1-867-914-1685,+1-867-914-1685,"2177 Elm Way, Greendale, CA 94027","2177 Elm Way, Greendale, CA 94027",accepted,
ACME-00231,Sora Almeida,Sora Almeida,1998-09-10,1998-09-10,+1-712-421-4148,+1-712-421-4148,"771 Willow Ct, Springfield, IL 62701","771 Willow Ct, Springfield, IL 62701",accepted,
ACME-01014,AAAAAAAAAAAAAAAAAAAAAAAAAAAAAAAAAAAAAAAAAAAAAAAAAAAAAAAAAAAAAAAAAAAAAAAAAAAAAAAAAAAAAAAAAAAAAAAAAAAAAAAAAAAAAAAAAAAAAAAAAAAAAAAAAAAAAAAAAAAAAAAAAAAAAAAAAAAAAAAAAAAAAAAAAAAAAAAAAAAAAAAAAAAAAAAAAAAAAAAA,,2005-02-07,2005-02-07,+1-925-974-2202,+1-925-974-2202,"3098 Sequoia Pl, Eastgate, OH 45202","3098 Sequoia Pl, Eastgate, OH 45202",accepted,
ACME-00487,Sora Klein,Sora Klein,1963-05-02,1963-05-02,+1-524-595-4091,+1-524-595-4091,"9907 Sequoia Pl, Fairview, TX 75001","9907 Sequoia Pl, Fairview, TX 75001",accepted,
ACME-01161,Daria Almeida,Daria Almeida,,,+1-236-606-8031,+1-236-606-8031,"6462 Maple Ave, Riverton, WY 82501","6462 Maple Ave, Riverton, WY 82501",accepted,
ACME-01034,AAAAAAAAAAAAAAAAAAAAAAAAAAAAAAAAAAAAAAAAAAAAAAAAAAAAAAAAAAAAAAAAAAAAAAAAAAAAAAAAAAAAAAAAAAAAAAAAAAAAAAAAAAAAAAAAAAAAAAAAAAAAAAAAAAAAAAAAAAAAAAAAAAAAAAAAAAAAAAAAAAAAAAAAAAAAAAAAAAAAAAAAAAAAAAAAAAAAAAAA,,1974-06-20,1974-06-20,+1-555-643-2692,+1-555-643-2692,"5140 Birch Rd, Lakeshore, MN 55401","5140 Birch Rd, Lakeshore, MN 55401",accepted,
ACME-00876,Zane Eze,Zane Eze,1947-09-20,1947-09-20,+1-316-655-6933,+1-316-655-6933,"4040 Elm Way, Greendale, CA 94027","4040 Elm Way, Greendale, CA 94027",accepted,
ACME-00664,Farid Ivanova,Farid Ivanova,1985-03-04,1985-03-04,+1-290-242-6598,+1-290-242-6598,"6616 Maple Ave, Eastgate, OH 45202","6616 Maple Ave, Eastgate, OH 45202",accepted,
ACME-00064,Gita Liu,Gita Liu,2003-06-03,2003-06-03,+1-545-986-9619,+1-545-986-9619,"4593 Aspen Blvd, Westwood, MA 02445","4593 Aspen Blvd, Westwood, MA 02445",accepted,
ACME-00913,Ravi Müller,Ravi Müller,1957-02-08,1957-02-08,+1-338-630-7009,+1-338-630-7009,"1058 Willow Ct, Westwood, MA 02445","1058 Willow Ct, Westwood, MA 02445",accepted,
ACME-00371,Kira Brennan,Kira Brennan,1993-09-07,1993-09-07,+1-538-547-5203,+1-538-547-5203,"6243 Pine Hollow, Brookhaven, GA 30303","6243 Pine Hollow, Brookhaven, GA 30303",accepted,
ACME-00578,Xiomara Castellanos,Xiomara Castellanos,2001-03-04,2001-03-04,+1-489-532-3797,+1-489-532-3797,"7420 Pine Hollow, Springfield, IL 62701","7420 Pine Hollow, Springfield, IL 62701",accepted,
ACME-00168,Ravi Nakamura,Ravi Nakamura,1998-10-19,1998-10-19,+1-837-960-7725,+1-837-960-7725,"1590 Cedar St, Greendale, CA 94027","1590 Cedar St, Greendale, CA 94027",accepted,
ACME-00823,Caleb Xu,Caleb Xu,1969-06-20,1969-06-20,+1-641-812-7201,+1-641-812-7201,"2737 Birch Rd, Springfield, IL 62701","2737 Birch Rd, Springfield, IL 62701",accepted,
ACME-00193,Ana Pereira,Ana Pereira,1990-03-10,1990-03-10,+1-341-244-5264,+1-341-244-5264,"6666 Pine Hollow, Riverton, WY 82501","6666 Pine Hollow, Riverton, WY 82501",accepted,
ACME-00548,Ana Yamamoto,Ana Yamamoto,1950-11-10,1950-11-10,+1-220-252-3036,+1-220-252-3036,"8883 Sequoia Pl, Greendale, CA 94027","8883 Sequoia Pl, Greendale, CA 94027",accepted,
ACME-00948,Sora Almeida,Sora Almeida,1973-11-10,1973-11-10,+1-492-627-6412,+1-492-627-6412,"2146 Cedar St, Fairview, TX 75001","2146 Cedar St, Fairview, TX 75001",accepted,
ACME-00992,Nikos Ivanova,Nikos Ivanova,2000-05-20,2000-05-20,+1-420-590-8699,+1-420-590-8699,"5361 Sequoia Pl, Westwood, MA 02445","5361 Sequoia Pl, Westwood, MA 02445",accepted,
ACME-00680,Oren Quist,Oren Quist,2001-06-19,2001-06-19,+1-737-465-8518,+1-737-465-8518,"896 Oakwood Dr, Westwood, MA 02445","896 Oakwood Dr, Westwood, MA 02445",accepted,
ACME-00826,Ravi Dvořák,Ravi Dvořák,1992-07-09,1992-07-09,+1-501-963-1428,+1-501-963-1428,"608 Aspen Blvd, Westwood, MA 02445","608 Aspen Blvd, Westwood, MA 02445",accepted,
ACME-00378,Ravi Nakamura,Ravi Nakamura,1990-11-20,1990-11-20,+1-634-287-4275,+1-634-287-4275,"9365 Sequoia Pl, Riverton, WY 82501","9365 Sequoia Pl, Riverton, WY 82501",accepted,
ACME-00768,Uma Fernández,Uma Fernández,1999-02-24,1999-02-24,+1-347-461-9894,+1-347-461-9894,"6804 Willow Ct, Riverton, WY 82501","6804 Willow Ct, Riverton, WY 82501",accepted,
ACME-01083,Müller Wójcik,Müller Wójcik,1973-12-02,1973-12-02,+1-780-218-5735,+1-780-218-5735,"1363 Pine Hollow, Eastgate, OH 45202","1363 Pine Hollow, Eastgate, OH 45202",accepted,
ACME-01177,Gita Almeida,Gita Almeida,1956-12-27,1956-12-27,abc-def-ghij,,"4664 Oakwood Dr, Eastgate, OH 45202","4664 Oakwood Dr, Eastgate, OH 45202",accepted,
ACME-00587,Ravi Dvořák,Ravi Dvořák,1950-05-24,1950-05-24,+1-886-708-8841,+1-886-708-8841,"775 Aspen Blvd, Riverton, WY 82501","775 Aspen Blvd, Riverton, WY 82501",accepted,
ACME-00724,Esma Sato,Esma Sato,1967-01-07,1967-01-07,+1-266-882-8599,+1-266-882-8599,"3697 Elm Way, Fairview, TX 75001","3697 Elm Way, Fairview, TX 75001",accepted,
ACME-00643,Tariq O'Brien,Tariq O'Brien,1957-09-10,1957-09-10,+1-623-308-7400,+1-623-308-7400,"5295 Birch Rd, Eastgate, OH 45202","5295 Birch Rd, Eastgate, OH 45202",accepted,
ACME-00727,Ravi Jensen,Ravi Jensen,1998-02-06,1998-02-06,+1-657-776-9267,+1-657-776-9267,"7958 Juniper Ln, Fairview, TX 75001","7958 Juniper Ln, Fairview, TX 75001",accepted,
ACME-00109,Mei Fernández,Mei Fernández,1982-02-08,1982-02-08,+1-905-477-7685,+1-905-477-7685,"2691 Maple Ave, Riverton, WY 82501","2691 Maple Ave, Riverton, WY 82501",accepted,
ACME-00023,Priya Yamamoto,Priya Yamamoto,2003-02-19,2003-02-19,+1-264-724-2680,+1-264-724-2680,"8681 Birch Rd, Greendale, CA 94027","8681 Birch Rd, Greendale, CA 94027",accepted,
ACME-00264,Lior O'Brien,Lior O'Brien,1971-11-09,1971-11-09,+1-631-382-3437,+1-631-382-3437,"7949 Birch Rd, Riverton, WY 82501","7949 Birch Rd, Riverton, WY 82501",accepted,
ACME-01116,Zane Klein,Zane Klein,,,+1-478-636-7058,+1-478-636-7058,"9082 Sequoia Pl, Springfield, IL 62701","9082 Sequoia Pl, Springfield, IL 62701",accepted,
ACME-00605,Yara Vasquez,Yara Vasquez,1973-04-23,1973-04-23,+1-731-757-8475,+1-731-757-8475,"276 Cedar St, Springfield, IL 62701","276 Cedar St, Springfield, IL 62701",accepted,
ACME-00405,Uma Greco,Uma Greco,1969-03-14,1969-03-14,+1-610-802-6907,+1-610-802-6907,"787 Birch Rd, Greendale, CA 94027","787 Birch Rd, Greendale, CA 94027",accepted,
ACME-01102,Xiomara Pereira,Xiomara Pereira,1947-04-14,1947-04-14,abc-def-ghij,,"1840 Sequoia Pl, Fairview, TX 75001","1840 Sequoia Pl, Fairview, TX 75001",accepted,
ACME-00497,Hiro Yamamoto,Hiro Yamamoto,2005-06-07,2005-06-07,+1-404-248-9898,+1-404-248-9898,"3520 Oakwood Dr, Riverton, WY 82501","3520 Oakwood Dr, Riverton, WY 82501",accepted,
ACME-01146,Bao Quist,Bao Quist,,,+1-345-438-1003,+1-345-438-1003,"3728 Juniper Ln, Westwood, MA 02445","3728 Juniper Ln, Westwood, MA 02445",accepted,
ACME-00646,Quentin Castellanos,Quentin Castellanos,1942-11-15,1942-11-15,+1-831-496-7929,+1-831-496-7929,"8287 Maple Ave, Riverton, WY 82501","8287 Maple Ave, Riverton, WY 82501",accepted,
ACME-00467,Farid Wójcik,Farid Wójcik,1990-01-25,1990-01-25,+1-811-496-2288,+1-811-496-2288,"2796 Maple Ave, Eastgate, OH 45202","2796 Maple Ave, Eastgate, OH 45202",accepted,
ACME-00061,Priya Jensen,Priya Jensen,1957-11-01,1957-11-01,+1-346-915-7487,+1-346-915-7487,"9337 Maple Ave, Eastgate, OH 45202","9337 Maple Ave, Eastgate, OH 45202",accepted,
ACME-00437,Oren Almeida,Oren Almeida,1980-04-06,1980-04-06,+1-657-770-1999,+1-657-770-1999,"2090 Cedar St, Brookhaven, GA 30303","2090 Cedar St, Brookhaven, GA 30303",accepted,
ACME-00790,Ife Greco,Ife Greco,1979-06-23,1979-06-23,+1-486-746-3423,+1-486-746-3423,"4871 Elm Way, Eastgate, OH 45202","4871 Elm Way, Eastgate, OH 45202",accepted,
ACME-00269,Caleb Brennan,Caleb Brennan,1996-11-14,1996-11-14,+1-837-276-1147,+1-837-276-1147,"7895 Juniper Ln, Riverton, WY 82501","7895 Juniper Ln, Riverton, WY 82501",accepted,
ACME-00657,Mei Almeida,Mei Almeida,2005-12-07,2005-12-07,+1-663-881-7086,+1-663-881-7086,"967 Birch Rd, Brookhaven, GA 30303","967 Birch Rd, Brookhaven, GA 30303",accepted,
ACME-00797,Yara Xu,Yara Xu,1981-08-12,1981-08-12,+1-718-786-4340,+1-718-786-4340,"4203 Elm Way, Greendale, CA 94027","4203 Elm Way, Greendale, CA 94027",accepted,
ACME-00926,Uma Sato,Uma Sato,1970-12-09,1970-12-09,+1-538-849-2750,+1-538-849-2750,"8782 Juniper Ln, Springfield, IL 62701","8782 Juniper Ln, Springfield, IL 62701",accepted,
ACME-00439,Yara Liu,Yara Liu,1952-05-24,1952-05-24,+1-640-397-7171,+1-640-397-7171,"92 Cedar St, Westwood, MA 02445","92 Cedar St, Westwood, MA 02445",accepted,
ACME-01119,AAAAAAAAAAAAAAAAAAAAAAAAAAAAAAAAAAAAAAAAAAAAAAAAAAAAAAAAAAAAAAAAAAAAAAAAAAAAAAAAAAAAAAAAAAAAAAAAAAAAAAAAAAAAAAAAAAAAAAAAAAAAAAAAAAAAAAAAAAAAAAAAAAAAAAAAAAAAAAAAAAAAAAAAAAAAAAAAAAAAAAAAAAAAAAAAAAAAAAAA,,1979-12-26,1979-12-26,+1-349-912-8897,+1-349-912-8897,"7261 Oakwood Dr, Lakeshore, MN 55401","7261 Oakwood Dr, Lakeshore, MN 55401",accepted,
ACME-00173,Uma Quist,Uma Quist,1950-09-18,1950-09-18,+1-389-711-7576,+1-389-711-7576,"3819 Birch Rd, Lakeshore, MN 55401","3819 Birch Rd, Lakeshore, MN 55401",accepted,
ACME-00048,Ana Jensen,Ana Jensen,1994-11-05,1994-11-05,+1-913-406-5262,+1-913-406-5262,"3823 Aspen Blvd, Riverton, WY 82501","3823 Aspen Blvd, Riverton, WY 82501",accepted,
ACME-01121,Priya Xu,Priya Xu,,,+1-656-329-7846,+1-656-329-7846,"5289 Cedar St, Greendale, CA 94027","5289 Cedar St, Greendale, CA 94027",accepted,
ACME-00838,Viktor Dvořák,Viktor Dvořák,1981-01-24,1981-01-24,+1-272-349-9312,+1-272-349-9312,"5900 Elm Way, Eastgate, OH 45202","5900 Elm Way, Eastgate, OH 45202",accepted,
ACME-00209,Viktor Castellanos,Viktor Castellanos,1983-02-20,1983-02-20,+1-978-974-9580,+1-978-974-9580,"1508 Sequoia Pl, Fairview, TX 75001","1508 Sequoia Pl, Fairview, TX 75001",accepted,
ACME-00273,Viktor Rossi,Viktor Rossi,1954-02-21,1954-02-21,+1-664-534-4691,+1-664-534-4691,"2781 Aspen Blvd, Fairview, TX 75001","2781 Aspen Blvd, Fairview, TX 75001",accepted,
ACME-00090,Yara Vasquez,Yara Vasquez,2002-02-21,2002-02-21,+1-212-645-9681,+1-212-645-9681,"7509 Birch Rd, Westwood, MA 02445","7509 Birch Rd, Westwood, MA 02445",accepted,
ACME-01019,AAAAAAAAAAAAAAAAAAAAAAAAAAAAAAAAAAAAAAAAAAAAAAAAAAAAAAAAAAAAAAAAAAAAAAAAAAAAAAAAAAAAAAAAAAAAAAAAAAAAAAAAAAAAAAAAAAAAAAAAAAAAAAAAAAAAAAAAAAAAAAAAAAAAAAAAAAAAAAAAAAAAAAAAAAAAAAAAAAAAAAAAAAAAAAAAAAAAAAAA,,2004-07-19,2004-07-19,+1-504-239-8128,+1-504-239-8128,"2842 Maple Ave, Lakeshore, MN 55401","2842 Maple Ave, Lakeshore, MN 55401",accepted,
ACME-01101,Mei Castellanos,Mei Castellanos,,,+1-614-578-1716,+1-614-578-1716,"7170 Birch Rd, Lakeshore, MN 55401","7170 Birch Rd, Lakeshore, MN 55401",accepted,
ACME-00241,Ravi Rossi,Ravi Rossi,2003-09-14,2003-09-14,+1-341-700-3271,+1-341-700-3271,"3673 Cedar St, Fairview, TX 75001","3673 Cedar St, Fairview, TX 75001",accepted,
ACME-00750,Daria Dvořák,Daria Dvořák,1980-12-24,1980-12-24,+1-708-885-6833,+1-708-885-6833,"7253 Oakwood Dr, Fairview, TX 75001","7253 Oakwood Dr, Fairview, TX 75001",accepted,
ACME-00081,Lior Almeida,Lior Almeida,1964-04-28,1964-04-28,+1-896-711-5782,+1-896-711-5782,"3129 Oakwood Dr, Eastgate, OH 45202","3129 Oakwood Dr, Eastgate, OH 45202",accepted,
ACME-01197,Oren Eze,Oren Eze,2001-09-16,2001-09-16,abc-def-ghij,,"3262 Juniper Ln, Springfield, IL 62701","3262 Juniper Ln, Springfield, IL 62701",accepted,
ACME-00150,Zane Fernández,Zane Fernández,1983-12-21,1983-12-21,+1-405-672-4335,+1-405-672-4335,"2264 Juniper Ln, Lakeshore, MN 55401","2264 Juniper Ln, Lakeshore, MN 55401",accepted,
ACME-00346,Tariq Vasquez,Tariq Vasquez,1983-11-25,1983-11-25,+1-823-262-2534,+1-823-262-2534,"6575 Aspen Blvd, Brookhaven, GA 30303","6575 Aspen Blvd, Brookhaven, GA 30303",accepted,
ACME-00144,Xiomara Rossi,Xiomara Rossi,1969-06-01,1969-06-01,+1-605-962-6926,+1-605-962-6926,"1515 Elm Way, Riverton, WY 82501","1515 Elm Way, Riverton, WY 82501",accepted,
ACME-01052,Nikos Hassan,Nikos Hassan,1947-07-19,1947-07-19,abc-def-ghij,,"4050 Sequoia Pl, Eastgate, OH 45202","4050 Sequoia Pl, Eastgate, OH 45202",accepted,
ACME-00963,Ravi Hassan,Ravi Hassan,1956-04-08,1956-04-08,+1-827-918-9177,+1-827-918-9177,"7744 Oakwood Dr, Lakeshore, MN 55401","7744 Oakwood Dr, Lakeshore, MN 55401",accepted,
ACME-01113,Müller Wójcik,Müller Wójcik,1952-11-09,1952-11-09,+1-743-245-2324,+1-743-245-2324,"743 Cedar St, Riverton, WY 82501","743 Cedar St, Riverton, WY 82501",accepted,
ACME-00623,Oren Rossi,Oren Rossi,1941-02-22,1941-02-22,+1-697-887-3577,+1-697-887-3577,"6924 Birch Rd, Springfield, IL 62701","6924 Birch Rd, Springfield, IL 62701",accepted,
ACME-00253,Bao Brennan,Bao Brennan,1959-02-16,1959-02-16,+1-731-331-5533,+1-731-331-5533,"8796 Juniper Ln, Lakeshore, MN 55401","8796 Juniper Ln, Lakeshore, MN 55401",accepted,
ACME-00818,Kira Liu,Kira Liu,1967-10-06,1967-10-06,+1-278-377-7447,+1-278-377-7447,"6068 Cedar St, Riverton, WY 82501","6068 Cedar St, Riverton, WY 82501",accepted,
ACME-00564,Wei Jensen,Wei Jensen,1958-01-19,1958-01-19,+1-510-272-4804,+1-510-272-4804,"7794 Juniper Ln, Fairview, TX 75001","7794 Juniper Ln, Fairview, TX 75001",accepted,
ACME-01180,,,1990-01-11,1990-01-11,+1-323-775-8418,+1-323-775-8418,"7124 Oakwood Dr, Fairview, TX 75001","7124 Oakwood Dr, Fairview, TX 75001",accepted,
ACME-00732,Xiomara Sato,Xiomara Sato,1949-09-15,1949-09-15,+1-387-442-8176,+1-387-442-8176,"2534 Willow Ct, Eastgate, OH 45202","2534 Willow Ct, Eastgate, OH 45202",accepted,
ACME-00725,Mei Hassan,Mei Hassan,1958-12-16,1958-12-16,+1-586-889-9502,+1-586-889-9502,"5200 Birch Rd, Greendale, CA 94027","5200 Birch Rd, Greendale, CA 94027",accepted,
ACME-00771,Daria Brennan,Daria Brennan,1977-07-12,1977-07-12,+1-917-319-6307,+1-917-319-6307,"4521 Elm Way, Lakeshore, MN 55401","4521 Elm Way, Lakeshore, MN 55401",accepted,
ACME-01138,Müller Wójcik,Müller Wójcik,1978-12-11,1978-12-11,+1-876-819-1522,+1-876-819-1522,"3007 Maple Ave, Eastgate, OH 45202","3007 Maple Ave, Eastgate, OH 45202",accepted,
ACME-00297,Ana O'Brien,Ana O'Brien,1957-02-27,1957-02-27,+1-969-930-8517,+1-969-930-8517,"4206 Cedar St, Brookhaven, GA 30303","4206 Cedar St, Brookhaven, GA 30303",accepted,
ACME-00129,Caleb Dvořák,Caleb Dvořák,1996-08-22,1996-08-22,+1-953-229-8871,+1-953-229-8871,"1665 Elm Way, Riverton, WY 82501","1665 Elm Way, Riverton, WY 82501",accepted,
ACME-00277,Priya Hassan,Priya Hassan,2003-05-05,2003-05-05,+1-465-596-6723,+1-465-596-6723,"1536 Aspen Blvd, Lakeshore, MN 55401","1536 Aspen Blvd, Lakeshore, MN 55401",accepted,
ACME-00410,Priya Wójcik,Priya Wójcik,1975-05-09,1975-05-09,+1-824-533-3278,+1-824-533-3278,"9324 Juniper Ln, Fairview, TX 75001","9324 Juniper Ln, Fairview, TX 75001",accepted,
ACME-00936,Nikos Eze,Nikos Eze,2005-08-25,2005-08-25,+1-301-968-5951,+1-301-968-5951,"1878 Birch Rd, Brookhaven, GA 30303","1878 Birch Rd, Brookhaven, GA 30303",accepted,
ACME-00978,Hiro Castellanos,Hiro Castellanos,1940-11-12,1940-11-12,+1-899-405-1858,+1-899-405-1858,"1243 Birch Rd, Riverton, WY 82501","1243 Birch Rd, Riverton, WY 82501",accepted,
ACME-00894,Oren Müller,Oren Müller,1944-05-14,1944-05-14,+1-718-534-6997,+1-718-534-6997,"9329 Sequoia Pl, Springfield, IL 62701","9329 Sequoia Pl, Springfield, IL 62701",accepted,
ACME-01060,,,1987-04-22,1987-04-22,+1-686-842-6521,+1-686-842-6521,"7057 Cedar St, Riverton, WY 82501","7057 Cedar St, Riverton, WY 82501",accepted,
ACME-00093,Priya Zúbková,Priya Zúbková,1998-10-05,1998-10-05,+1-871-687-2372,+1-871-687-2372,"2170 Pine Hollow, Greendale, CA 94027","2170 Pine Hollow, Greendale, CA 94027",accepted,
ACME-00399,Priya Almeida,Priya Almeida,1990-07-09,1990-07-09,+1-219-693-3765,+1-219-693-3765,"768 Oakwood Dr, Lakeshore, MN 55401","768 Oakwood Dr, Lakeshore, MN 55401",accepted,
ACME-01193,Müller Wójcik,Müller Wójcik,1991-02-18,1991-02-18,+1-450-569-6386,+1-450-569-6386,"4748 Pine Hollow, Brookhaven, GA 30303","4748 Pine Hollow, Brookhaven, GA 30303",accepted,
ACME-00941,Kira Tanaka,Kira Tanaka,1962-07-23,1962-07-23,+1-532-745-3549,+1-532-745-3549,"7183 Oakwood Dr, Fairview, TX 75001","7183 Oakwood Dr, Fairview, TX 75001",accepted,
ACME-00687,Wei Dvořák,Wei Dvořák,1995-02-27,1995-02-27,+1-607-684-5848,+1-607-684-5848,"671 Juniper Ln, Eastgate, OH 45202","671 Juniper Ln, Eastgate, OH 45202",accepted,
ACME-01022,Caleb Ueda,Caleb Ueda,1963-06-19,1963-06-19,abc-def-ghij,,"7951 Sequoia Pl, Brookhaven, GA 30303","7951 Sequoia Pl, Brookhaven, GA 30303",accepted,
ACME-00726,Tariq Wójcik,Tariq Wójcik,1958-01-26,1958-01-26,+1-470-355-2216,+1-470-355-2216,"9390 Juniper Ln, Riverton, WY 82501","9390 Juniper Ln, Riverton, WY 82501",accepted,
ACME-00518,Bao Castellanos,Bao Castellanos,1982-01-13,1982-01-13,+1-484-838-3296,+1-484-838-3296,"4579 Maple Ave, Riverton, WY 82501","4579 Maple Ave, Riverton, WY 82501",accepted,
ACME-00704,Ife Hassan,Ife Hassan,1952-11-10,1952-11-10,+1-383-946-3636,+1-383-946-3636,"2551 Maple Ave, Brookhaven, GA 30303","2551 Maple Ave, Brookhaven, GA 30303",accepted,
ACME-00637,Zane Rossi,Zane Rossi,1957-05-22,1957-05-22,+1-721-833-7013,+1-721-833-7013,"4920 Cedar St, Greendale, CA 94027","4920 Cedar St, Greendale, CA 94027",accepted,
ACME-00809,Ana Pereira,Ana Pereira,1956-08-16,1956-08-16,+1-881-277-8470,+1-881-277-8470,"9833 Birch Rd, Riverton, WY 82501","9833 Birch Rd, Riverton, WY 82501",accepted,
ACME-00429,Yara Quist,Yara Quist,1968-05-18,1968-05-18,+1-682-625-2430,+1-682-625-2430,"6342 Sequoia Pl, Lakeshore, MN 55401","6342 Sequoia Pl, Lakeshore, MN 55401",accepted,
ACME-01040,,,1948-01-18,1948-01-18,+1-746-971-3605,+1-746-971-3605,"4907 Sequoia Pl, Eastgate, OH 45202","4907 Sequoia Pl, Eastgate, OH 45202",accepted,
ACME-00932,Priya Greco,Priya Greco,1982-01-16,1982-01-16,+1-740-610-4869,+1-740-610-4869,"6680 Elm Way, Lakeshore, MN 55401","6680 Elm Way, Lakeshore, MN 55401",accepted,
ACME-01198,Müller Wójcik,Müller Wójcik,1964-10-01,1964-10-01,+1-486-244-8885,+1-486-244-8885,"7511 Maple Ave, Springfield, IL 62701","7511 Maple Ave, Springfield, IL 62701",accepted,
ACME-00737,Bao Ivanova,Bao Ivanova,1979-07-26,1979-07-26,+1-815-458-9903,+1-815-458-9903,"6244 Willow Ct, Eastgate, OH 45202","6244 Willow Ct, Eastgate, OH 45202",accepted,
ACME-00036,Ife Xu,Ife Xu,1960-04-22,1960-04-22,+1-505-466-1008,+1-505-466-1008,"2945 Juniper Ln, Lakeshore, MN 55401","2945 Juniper Ln, Lakeshore, MN 55401",accepted,
ACME-00276,Uma Müller,Uma Müller,1996-01-08,1996-01-08,+1-864-397-8341,+1-864-397-8341,"3012 Cedar St, Lakeshore, MN 55401","3012 Cedar St, Lakeshore, MN 55401",accepted,
ACME-00457,Quentin Brennan,Quentin Brennan,1946-08-09,1946-08-09,+1-984-303-9700,+1-984-303-9700,"5628 Maple Ave, Springfield, IL 62701","5628 Maple Ave, Springfield, IL 62701",accepted,
ACME-01073,Müller Wójcik,Müller Wójcik,1951-03-09,1951-03-09,+1-880-751-4069,+1-880-751-4069,"2392 Maple Ave, Westwood, MA 02445","2392 Maple Ave, Westwood, MA 02445",accepted,
ACME-00127,Tariq Ivanova,Tariq Ivanova,1992-04-21,1992-04-21,+1-587-901-8332,+1-587-901-8332,"1500 Oakwood Dr, Brookhaven, GA 30303","1500 Oakwood Dr, Brookhaven, GA 30303",accepted,
ACME-00805,Esma Yamamoto,Esma Yamamoto,1988-09-26,1988-09-26,+1-326-889-5769,+1-326-889-5769,"3180 Willow Ct, Lakeshore, MN 55401","3180 Willow Ct, Lakeshore, MN 55401",accepted,
ACME-00777,Lior Fernández,Lior Fernández,1970-02-25,1970-02-25,+1-550-341-7067,+1-550-341-7067,"1642 Sequoia Pl, Riverton, WY 82501","1642 Sequoia Pl, Riverton, WY 82501",accepted,
ACME-00883,Wei Dvořák,Wei Dvořák,2002-03-16,2002-03-16,+1-552-874-7794,+1-552-874-7794,"5436 Sequoia Pl, Brookhaven, GA 30303","5436 Sequoia Pl, Brookhaven, GA 30303",accepted,
ACME-01174,AAAAAAAAAAAAAAAAAAAAAAAAAAAAAAAAAAAAAAAAAAAAAAAAAAAAAAAAAAAAAAAAAAAAAAAAAAAAAAAAAAAAAAAAAAAAAAAAAAAAAAAAAAAAAAAAAAAAAAAAAAAAAAAAAAAAAAAAAAAAAAAAAAAAAAAAAAAAAAAAAAAAAAAAAAAAAAAAAAAAAAAAAAAAAAAAAAAAAAAA,,1956-12-08,1956-12-08,+1-261-324-1427,+1-261-324-1427,"3369 Maple Ave, Greendale, CA 94027","3369 Maple Ave, Greendale, CA 94027",accepted,
ACME-00829,Ana Yamamoto,Ana Yamamoto,1983-09-06,1983-09-06,+1-606-441-6331,+1-606-441-6331,"9929 Maple Ave, Greendale, CA 94027","9929 Maple Ave, Greendale, CA 94027",accepted,
ACME-00535,Priya Pereira,Priya Pereira,2004-02-09,2004-02-09,+1-598-397-8493,+1-598-397-8493,"6149 Aspen Blvd, Greendale, CA 94027","6149 Aspen Blvd, Greendale, CA 94027",accepted,
ACME-00311,Nikos Zúbková,Nikos Zúbková,1970-03-10,1970-03-10,+1-941-912-9457,+1-941-912-9457,"3726 Aspen Blvd, Eastgate, OH 45202","3726 Aspen Blvd, Eastgate, OH 45202",accepted,
ACME-00923,Joon Greco,Joon Greco,1999-01-14,1999-01-14,+1-485-862-1814,+1-485-862-1814,"208 Elm Way, Lakeshore, MN 55401","208 Elm Way, Lakeshore, MN 55401",accepted,
ACME-00576,Yara Fernández,Yara Fernández,1953-04-21,1953-04-21,+1-637-731-6751,+1-637-731-6751,"3983 Aspen Blvd, Westwood, MA 02445","3983 Aspen Blvd, Westwood, MA 02445",accepted,
ACME-01099,AAAAAAAAAAAAAAAAAAAAAAAAAAAAAAAAAAAAAAAAAAAAAAAAAAAAAAAAAAAAAAAAAAAAAAAAAAAAAAAAAAAAAAAAAAAAAAAAAAAAAAAAAAAAAAAAAAAAAAAAAAAAAAAAAAAAAAAAAAAAAAAAAAAAAAAAAAAAAAAAAAAAAAAAAAAAAAAAAAAAAAAAAAAAAAAAAAAAAAAA,,1986-02-18,1986-02-18,+1-438-320-2286,+1-438-320-2286,"9190 Juniper Ln, Lakeshore, MN 55401","9190 Juniper Ln, Lakeshore, MN 55401",accepted,
ACME-00759,Viktor Greco,Viktor Greco,1971-04-15,1971-04-15,+1-346-250-9227,+1-346-250-9227,"9811 Sequoia Pl, Riverton, WY 82501","9811 Sequoia Pl, Riverton, WY 82501",accepted,
ACME-00247,Xiomara Vasquez,Xiomara Vasquez,1986-08-04,1986-08-04,+1-750-353-7825,+1-750-353-7825,"8862 Sequoia Pl, Fairview, TX 75001","8862 Sequoia Pl, Fairview, TX 75001",accepted,
ACME-00537,Tariq Nakamura,Tariq Nakamura,1992-01-03,1992-01-03,+1-561-844-6646,+1-561-844-6646,"9174 Aspen Blvd, Springfield, IL 62701","9174 Aspen Blvd, Springfield, IL 62701",accepted,
ACME-00490,Ife Brennan,Ife Brennan,1945-03-12,1945-03-12,+1-896-815-4466,+1-896-815-4466,"5159 Juniper Ln, Brookhaven, GA 30303","5159 Juniper Ln, Brookhaven, GA 30303",accepted,
ACME-01176,Bao Nakamura,Bao Nakamura,,,+1-424-437-8762,+1-424-437-8762,"2547 Maple Ave, Westwood, MA 02445","2547 Maple Ave, Westwood, MA 02445",accepted,
ACME-00930,Kira Hassan,Kira Hassan,1975-10-17,1975-10-17,+1-237-215-6833,+1-237-215-6833,"1034 Cedar St, Lakeshore, MN 55401","1034 Cedar St, Lakeshore, MN 55401",accepted,
ACME-00472,Sora Vasquez,Sora Vasquez,1961-02-19,1961-02-19,+1-761-416-1169,+1-761-416-1169,"9806 Pine Hollow, Riverton, WY 82501","9806 Pine Hollow, Riverton, WY 82501",accepted,
ACME-00327,Oren Greco,Oren Greco,1981-09-07,1981-09-07,+1-957-311-2502,+1-957-311-2502,"111 Oakwood Dr, Westwood, MA 02445","111 Oakwood Dr, Westwood, MA 02445",accepted,
ACME-00025,Viktor Castellanos,Viktor Castellanos,1981-03-16,1981-03-16,+1-305-787-1657,+1-305-787-1657,"3766 Aspen Blvd, Eastgate, OH 45202","3766 Aspen Blvd, Eastgate, OH 45202",accepted,
ACME-00419,Tariq Zúbková,Tariq Zúbková,1951-12-02,1951-12-02,+1-931-839-2279,+1-931-839-2279,"8171 Birch Rd, Brookhaven, GA 30303","8171 Birch Rd, Brookhaven, GA 30303",accepted,
ACME-00827,Oren Yamamoto,Oren Yamamoto,2000-12-01,2000-12-01,+1-329-961-1718,+1-329-961-1718,"5640 Sequoia Pl, Fairview, TX 75001","5640 Sequoia Pl, Fairview, TX 75001",accepted,
ACME-00896,Viktor Rossi,Viktor Rossi,2004-09-24,2004-09-24,+1-730-426-4818,+1-730-426-4818,"1630 Birch Rd, Brookhaven, GA 30303","1630 Birch Rd, Brookhaven, GA 30303",accepted,
ACME-01063,Müller Wójcik,Müller Wójcik,1973-09-14,1973-09-14,+1-213-829-9993,+1-213-829-9993,"6840 Aspen Blvd, Greendale, CA 94027","6840 Aspen Blvd, Greendale, CA 94027",accepted,
ACME-00026,Yara Müller,Yara Müller,1994-09-05,1994-09-05,+1-599-423-7876,+1-599-423-7876,"4725 Juniper Ln, Eastgate, OH 45202","4725 Juniper Ln, Eastgate, OH 45202",accepted,
ACME-00011,Daria Vasquez,Daria Vasquez,1959-10-16,1959-10-16,+1-458-369-9186,+1-458-369-9186,"6778 Pine Hollow, Lakeshore, MN 55401","6778 Pine Hollow, Lakeshore, MN 55401",accepted,
ACME-00491,Mei Quist,Mei Quist,1956-08-19,1956-08-19,+1-230-366-5489,+1-230-366-5489,"2031 Aspen Blvd, Greendale, CA 94027","2031 Aspen Blvd, Greendale, CA 94027",accepted,
ACME-00675,Uma Jensen,Uma Jensen,1971-02-22,1971-02-22,+1-765-773-1138,+1-765-773-1138,"507 Oakwood Dr, Fairview, TX 75001","507 Oakwood Dr, Fairview, TX 75001",accepted,
ACME-00431,Sora Rossi,Sora Rossi,1992-04-23,1992-04-23,+1-537-806-2832,+1-537-806-2832,"888 Cedar St, Westwood, MA 02445","888 Cedar St, Westwood, MA 02445",accepted,
ACME-00245,Xiomara Müller,Xiomara Müller,1995-12-23,1995-12-23,+1-346-540-7509,+1-346-540-7509,"3347 Cedar St, Springfield, IL 62701","3347 Cedar St, Springfield, IL 62701",accepted,
ACME-00091,Quentin Greco,Quentin Greco,1989-08-16,1989-08-16,+1-939-426-7714,+1-939-426-7714,"6680 Pine Hollow, Lakeshore, MN 55401","6680 Pine Hollow, Lakeshore, MN 55401",accepted,
ACME-00304,Quentin Hassan,Quentin Hassan,1996-11-11,1996-11-11,+1-569-911-6613,+1-569-911-6613,"7325 Cedar St, Lakeshore, MN 55401","7325 Cedar St, Lakeshore, MN 55401",accepted,
ACME-00205,Kira O'Brien,Kira O'Brien,1960-03-09,1960-03-09,+1-714-613-2712,+1-714-613-2712,"7392 Willow Ct, Brookhaven, GA 30303","7392 Willow Ct, Brookhaven, GA 30303",accepted,
ACME-00618,Yara Yamamoto,Yara Yamamoto,1976-11-23,1976-11-23,+1-287-632-2768,+1-287-632-2768,"8910 Elm Way, Riverton, WY 82501","8910 Elm Way, Riverton, WY 82501",accepted,
ACME-00893,Oren Tanaka,Oren Tanaka,1974-10-28,1974-10-28,+1-768-408-5413,+1-768-408-5413,"3431 Sequoia Pl, Eastgate, OH 45202","3431 Sequoia Pl, Eastgate, OH 45202",accepted,
ACME-00384,Farid Klein,Farid Klein,1947-10-20,1947-10-20,+1-795-755-5220,+1-795-755-5220,"8455 Aspen Blvd, Lakeshore, MN 55401","8455 Aspen Blvd, Lakeshore, MN 55401",accepted,
ACME-01127,Tariq Zúbková,Tariq Zúbková,1968-09-27,1968-09-27,abc-def-ghij,,"1686 Maple Ave, Greendale, CA 94027","1686 Maple Ave, Greendale, CA 94027",accepted,
ACME-00921,Ravi Ivanova,Ravi Ivanova,1947-07-11,1947-07-11,+1-413-266-4350,+1-413-266-4350,"4988 Cedar St, Springfield, IL 62701","4988 Cedar St, Springfield, IL 62701",accepted,
ACME-00812,Farid Greco,Farid Greco,1958-10-21,1958-10-21,+1-321-248-2523,+1-321-248-2523,"3047 Pine Hollow, Greendale, CA 94027","3047 Pine Hollow, Greendale, CA 94027",accepted,
ACME-00713,Zane Ivanova,Zane Ivanova,1960-02-10,1960-02-10,+1-230-472-4775,+1-230-472-4775,"6346 Willow Ct, Riverton, WY 82501","6346 Willow Ct, Riverton, WY 82501",accepted,
ACME-00888,Kira Nakamura,Kira Nakamura,1981-02-15,1981-02-15,+1-844-637-9821,+1-844-637-9821,"6722 Birch Rd, Brookhaven, GA 30303","6722 Birch Rd, Brookhaven, GA 30303",accepted,
ACME-00565,Kira O'Brien,Kira O'Brien,1993-09-03,1993-09-03,+1-353-363-9610,+1-353-363-9610,"8106 Juniper Ln, Westwood, MA 02445","8106 Juniper Ln, Westwood, MA 02445",accepted,
ACME-00554,Esma Klein,Esma Klein,1981-09-19,1981-09-19,+1-862-277-2218,+1-862-277-2218,"5086 Elm Way, Springfield, IL 62701","5086 Elm Way, Springfield, IL 62701",accepted,
ACME-01169,AAAAAAAAAAAAAAAAAAAAAAAAAAAAAAAAAAAAAAAAAAAAAAAAAAAAAAAAAAAAAAAAAAAAAAAAAAAAAAAAAAAAAAAAAAAAAAAAAAAAAAAAAAAAAAAAAAAAAAAAAAAAAAAAAAAAAAAAAAAAAAAAAAAAAAAAAAAAAAAAAAAAAAAAAAAAAAAAAAAAAAAAAAAAAAAAAAAAAAAA,,1945-10-28,1945-10-28,+1-328-461-4872,+1-328-461-4872,"3304 Cedar St, Springfield, IL 62701","3304 Cedar St, Springfield, IL 62701",accepted,
ACME-01196,Joon Ivanova,Joon Ivanova,,,+1-939-395-1437,+1-939-395-1437,"4242 Willow Ct, Riverton, WY 82501","4242 Willow Ct, Riverton, WY 82501",accepted,
ACME-00783,Xiomara Zúbková,Xiomara Zúbková,1985-08-10,1985-08-10,+1-787-497-4504,+1-787-497-4504,"4052 Willow Ct, Fairview, TX 75001","4052 Willow Ct, Fairview, TX 75001",accepted,
ACME-00918,Gita Liu,Gita Liu,1968-01-20,1968-01-20,+1-351-622-3367,+1-351-622-3367,"3282 Maple Ave, Fairview, TX 75001","3282 Maple Ave, Fairview, TX 75001",accepted,
ACME-00412,Joon Greco,Joon Greco,2002-09-06,2002-09-06,+1-530-621-3152,+1-530-621-3152,"1117 Elm Way, Westwood, MA 02445","1117 Elm Way, Westwood, MA 02445",accepted,
ACME-01188,Müller Wójcik,Müller Wójcik,1972-04-07,1972-04-07,+1-513-381-2769,+1-513-381-2769,"8364 Oakwood Dr, Riverton, WY 82501","8364 Oakwood Dr, Riverton, WY 82501",accepted,
ACME-00002,Bao Klein,Bao Klein,1976-09-25,1976-09-25,+1-810-898-6768,+1-810-898-6768,"8515 Juniper Ln, Greendale, CA 94027","8515 Juniper Ln, Greendale, CA 94027",accepted,
ACME-00975,Caleb Greco,Caleb Greco,1983-09-16,1983-09-16,+1-221-491-6310,+1-221-491-6310,"5865 Pine Hollow, Springfield, IL 62701","5865 Pine Hollow, Springfield, IL 62701",accepted,
ACME-00042,Farid Klein,Farid Klein,1993-05-24,1993-05-24,+1-882-247-5482,+1-882-247-5482,"7583 Maple Ave, Greendale, CA 94027","7583 Maple Ave, Greendale, CA 94027",accepted,
ACME-00640,Uma Wójcik,Uma Wójcik,1980-01-16,1980-01-16,+1-775-309-4973,+1-775-309-4973,"6936 Pine Hollow, Lakeshore, MN 55401","6936 Pine Hollow, Lakeshore, MN 55401",accepted,
ACME-01157,Wei Vasquez,Wei Vasquez,1983-06-11,1983-06-11,abc-def-ghij,,"7513 Pine Hollow, Lakeshore, MN 55401","7513 Pine Hollow, Lakeshore, MN 55401",accepted,
ACME-00561,Zane Almeida,Zane Almeida,1952-09-08,1952-09-08,+1-358-725-1837,+1-358-725-1837,"7810 Oakwood Dr, Brookhaven, GA 30303","7810 Oakwood Dr, Brookhaven, GA 30303",accepted,
ACME-00619,Caleb Brennan,Caleb Brennan,1943-05-11,1943-05-11,+1-820-734-8333,+1-820-734-8333,"2862 Juniper Ln, Brookhaven, GA 30303","2862 Juniper Ln, Brookhaven, GA 30303",accepted,
ACME-00573,Sora Zúbková,Sora Zúbková,1963-03-28,1963-03-28,+1-283-649-7960,+1-283-649-7960,"8471 Elm Way, Eastgate, OH 45202","8471 Elm Way, Eastgate, OH 45202",accepted,
ACME-00785,Xiomara Wójcik,Xiomara Wójcik,1969-02-17,1969-02-17,+1-505-427-2989,+1-505-427-2989,"2144 Pine Hollow, Fairview, TX 75001","2144 Pine Hollow, Fairview, TX 75001",accepted,
ACME-01090,,,1954-01-01,1954-01-01,+1-260-459-3178,+1-260-459-3178,"1574 Maple Ave, Brookhaven, GA 30303","1574 Maple Ave, Brookhaven, GA 30303",accepted,
ACME-00018,Joon Klein,Joon Klein,1950-08-22,1950-08-22,+1-342-501-4504,+1-342-501-4504,"9690 Aspen Blvd, Fairview, TX 75001","9690 Aspen Blvd, Fairview, TX 75001",accepted,
ACME-00848,Hiro Greco,Hiro Greco,1944-02-11,1944-02-11,+1-981-375-5656,+1-981-375-5656,"1731 Cedar St, Fairview, TX 75001","1731 Cedar St, Fairview, TX 75001",accepted,
ACME-00372,Kira Yamamoto,Kira Yamamoto,1988-07-26,1988-07-26,+1-668-890-5739,+1-668-890-5739,"4472 Juniper Ln, Lakeshore, MN 55401","4472 Juniper Ln, Lakeshore, MN 55401",accepted,
ACME-01055,,,1964-12-06,1964-12-06,+1-518-276-4331,+1-518-276-4331,"5906 Willow Ct, Brookhaven, GA 30303","5906 Willow Ct, Brookhaven, GA 30303",accepted,
ACME-00096,Esma Fernández,Esma Fernández,1957-08-16,1957-08-16,+1-947-284-9528,+1-947-284-9528,"659 Juniper Ln, Springfield, IL 62701","659 Juniper Ln, Springfield, IL 62701",accepted,
ACME-01160,,,1975-02-10,1975-02-10,+1-243-603-5288,+1-243-603-5288,"7723 Elm Way, Westwood, MA 02445","7723 Elm Way, Westwood, MA 02445",accepted,
ACME-00718,Caleb Eze,Caleb Eze,1989-02-20,1989-02-20,+1-971-694-8883,+1-971-694-8883,"8489 Willow Ct, Greendale, CA 94027","8489 Willow Ct, Greendale, CA 94027",accepted,
ACME-01043,Müller Wójcik,Müller Wójcik,1961-10-13,1961-10-13,+1-608-591-8182,+1-608-591-8182,"5140 Pine Hollow, Brookhaven, GA 30303","5140 Pine Hollow, Brookhaven, GA 30303",accepted,
ACME-01005,,,1999-09-20,1999-09-20,+1-620-643-4325,+1-620-643-4325,"4368 Elm Way, Eastgate, OH 45202","4368 Elm Way, Eastgate, OH 45202",accepted,
ACME-01029,AAAAAAAAAAAAAAAAAAAAAAAAAAAAAAAAAAAAAAAAAAAAAAAAAAAAAAAAAAAAAAAAAAAAAAAAAAAAAAAAAAAAAAAAAAAAAAAAAAAAAAAAAAAAAAAAAAAAAAAAAAAAAAAAAAAAAAAAAAAAAAAAAAAAAAAAAAAAAAAAAAAAAAAAAAAAAAAAAAAAAAAAAAAAAAAAAAAAAAAA,,1955-07-19,1955-07-19,+1-768-930-7592,+1-768-930-7592,"335 Oakwood Dr, Greendale, CA 94027","335 Oakwood Dr, Greendale, CA 94027",accepted,
ACME-00895,Hiro Klein,Hiro Klein,2005-06-01,2005-06-01,+1-483-555-7475,+1-483-555-7475,"1720 Birch Rd, Springfield, IL 62701","1720 Birch Rd, Springfield, IL 62701",accepted,
ACME-00920,Hiro Müller,Hiro Müller,1966-10-09,1966-10-09,+1-721-812-6371,+1-721-812-6371,"3752 Maple Ave, Greendale, CA 94027","3752 Maple Ave, Greendale, CA 94027",accepted,
ACME-00152,Tariq Sato,Tariq Sato,1965-06-08,1965-06-08,+1-536-723-2679,+1-536-723-2679,"574 Birch Rd, Springfield, IL 62701","574 Birch Rd, Springfield, IL 62701",accepted,
ACME-00139,Uma Quist,Uma Quist,1963-12-08,1963-12-08,+1-432-266-2758,+1-432-266-2758,"4876 Willow Ct, Eastgate, OH 45202","4876 Willow Ct, Eastgate, OH 45202",accepted,
ACME-01183,Müller Wójcik,Müller Wójcik,2004-04-24,2004-04-24,+1-456-692-6093,+1-456-692-6093,"585 Maple Ave, Springfield, IL 62701","585 Maple Ave, Springfield, IL 62701",accepted,
ACME-00351,Ife Pereira,Ife Pereira,2004-05-14,2004-05-14,+1-612-664-5877,+1-612-664-5877,"9289 Willow Ct, Eastgate, OH 45202","9289 Willow Ct, Eastgate, OH 45202",accepted,
ACME-00142,Viktor Pereira,Viktor Pereira,1958-03-07,1958-03-07,+1-238-706-9619,+1-238-706-9619,"4429 Aspen Blvd, Lakeshore, MN 55401","4429 Aspen Blvd, Lakeshore, MN 55401",accepted,
ACME-00638,Oren Sato,Oren Sato,1957-03-19,1957-03-19,+1-334-200-2153,+1-334-200-2153,"868 Sequoia Pl, Riverton, WY 82501","868 Sequoia Pl, Riverton, WY 82501",accepted,
ACME-01096,Lior Almeida,Lior Almeida,,,+1-822-502-2917,+1-822-502-2917,"1316 Birch Rd, Riverton, WY 82501","1316 Birch Rd, Riverton, WY 82501",accepted,
ACME-00854,Hiro Yamamoto,Hiro Yamamoto,1955-07-11,1955-07-11,+1-563-259-9308,+1-563-259-9308,"6026 Pine Hollow, Westwood, MA 02445","6026 Pine Hollow, Westwood, MA 02445",accepted,
ACME-00449,Xiomara Greco,Xiomara Greco,1999-05-13,1999-05-13,+1-611-485-6608,+1-611-485-6608,"531 Maple Ave, Lakeshore, MN 55401","531 Maple Ave, Lakeshore, MN 55401",accepted,
ACME-00469,Kira Quist,Kira Quist,1979-06-09,1979-06-09,+1-462-492-2506,+1-462-492-2506,"5377 Pine Hollow, Eastgate, OH 45202","5377 Pine Hollow, Eastgate, OH 45202",accepted,
ACME-00033,Lior Tanaka,Lior Tanaka,1996-05-22,1996-05-22,+1-862-764-6530,+1-862-764-6530,"4446 Oakwood Dr, Eastgate, OH 45202","4446 Oakwood Dr, Eastgate, OH 45202",accepted,
ACME-00524,Zane Ueda,Zane Ueda,1989-04-20,1989-04-20,+1-780-654-3803,+1-780-654-3803,"8038 Juniper Ln, Brookhaven, GA 30303","8038 Juniper Ln, Brookhaven, GA 30303",accepted,
ACME-00614,Xiomara Eze,Xiomara Eze,1978-11-07,1978-11-07,+1-729-660-5184,+1-729-660-5184,"5635 Maple Ave, Springfield, IL 62701","5635 Maple Ave, Springfield, IL 62701",accepted,
ACME-00393,Sora Quist,Sora Quist,2003-01-11,2003-01-11,+1-423-743-5718,+1-423-743-5718,"3253 Elm Way, Greendale, CA 94027","3253 Elm Way, Greendale, CA 94027",accepted,
ACME-00681,Joon Hassan,Joon Hassan,2003-09-15,2003-09-15,+1-341-643-5517,+1-341-643-5517,"3998 Willow Ct, Westwood, MA 02445","3998 Willow Ct, Westwood, MA 02445",accepted,
ACME-00237,Farid Liu,Farid Liu,1997-12-08,1997-12-08,+1-881-326-3284,+1-881-326-3284,"8548 Pine Hollow, Riverton, WY 82501","8548 Pine Hollow, Riverton, WY 82501",accepted,
ACME-00087,Yara Wójcik,Yara Wójcik,1969-04-01,1969-04-01,+1-633-621-2036,+1-633-621-2036,"2805 Cedar St, Springfield, IL 62701","2805 Cedar St, Springfield, IL 62701",accepted,
ACME-00147,Ana Tanaka,Ana Tanaka,1995-02-19,1995-02-19,+1-374-832-6496,+1-374-832-6496,"1970 Elm Way, Brookhaven, GA 30303","1970 Elm Way, Brookhaven, GA 30303",accepted,
ACME-00201,Nikos Zúbková,Nikos Zúbková,1965-08-19,1965-08-19,+1-472-296-6543,+1-472-296-6543,"7594 Willow Ct, Riverton, WY 82501","7594 Willow Ct, Riverton, WY 82501",accepted,
ACME-00174,Sora Müller,Sora Müller,1943-05-07,1943-05-07,+1-234-374-3181,+1-234-374-3181,"8862 Maple Ave, Westwood, MA 02445","8862 Maple Ave, Westwood, MA 02445",accepted,
ACME-00313,Farid Xu,Farid Xu,1960-10-27,1960-10-27,+1-857-728-1979,+1-857-728-1979,"6262 Oakwood Dr, Westwood, MA 02445","6262 Oakwood Dr, Westwood, MA 02445",accepted,
ACME-00990,Sora Zúbková,Sora Zúbková,1980-07-04,1980-07-04,+1-867-473-9829,+1-867-473-9829,"6788 Pine Hollow, Greendale, CA 94027","6788 Pine Hollow, Greendale, CA 94027",accepted,
ACME-00964,Esma Sato,Esma Sato,1968-02-11,1968-02-11,+1-208-390-2275,+1-208-390-2275,"8458 Elm Way, Westwood, MA 02445","8458 Elm Way, Westwood, MA 02445",accepted,
ACME-01149,AAAAAAAAAAAAAAAAAAAAAAAAAAAAAAAAAAAAAAAAAAAAAAAAAAAAAAAAAAAAAAAAAAAAAAAAAAAAAAAAAAAAAAAAAAAAAAAAAAAAAAAAAAAAAAAAAAAAAAAAAAAAAAAAAAAAAAAAAAAAAAAAAAAAAAAAAAAAAAAAAAAAAAAAAAAAAAAAAAAAAAAAAAAAAAAAAAAAAAAA,,1996-10-06,1996-10-06,+1-384-247-3458,+1-384-247-3458,"9874 Birch Rd, Lakeshore, MN 55401","9874 Birch Rd, Lakeshore, MN 55401",accepted,
ACME-01066,Ife Wójcik,Ife Wójcik,,,+1-586-818-7815,+1-586-818-7815,"2055 Birch Rd, Lakeshore, MN 55401","2055 Birch Rd, Lakeshore, MN 55401",accepted,
ACME-00379,Quentin Fernández,Quentin Fernández,1966-03-19,1966-03-19,+1-322-233-6197,+1-322-233-6197,"4657 Sequoia Pl, Riverton, WY 82501","4657 Sequoia Pl, Riverton, WY 82501",accepted,
ACME-00163,Daria Hassan,Daria Hassan,1966-11-15,1966-11-15,+1-721-966-1695,+1-721-966-1695,"7248 Juniper Ln, Lakeshore, MN 55401","7248 Juniper Ln, Lakeshore, MN 55401",accepted,
ACME-01053,Müller Wójcik,Müller Wójcik,1948-01-11,1948-01-11,+1-744-374-6875,+1-744-374-6875,"4561 Maple Ave, Springfield, IL 62701","4561 Maple Ave, Springfield, IL 62701",accepted,
ACME-00444,Wei O'Brien,Wei O'Brien,1951-08-02,1951-08-02,+1-549-360-8178,+1-549-360-8178,"3040 Willow Ct, Greendale, CA 94027","3040 Willow Ct, Greendale, CA 94027",accepted,
ACME-00328,Priya Brennan,Priya Brennan,1977-06-08,1977-06-08,+1-451-986-5029,+1-451-986-5029,"4924 Willow Ct, Eastgate, OH 45202","4924 Willow Ct, Eastgate, OH 45202",accepted,
ACME-00922,Lior Dvořák,Lior Dvořák,1952-01-13,1952-01-13,+1-374-794-7236,+1-374-794-7236,"652 Maple Ave, Brookhaven, GA 30303","652 Maple Ave, Brookhaven, GA 30303",accepted,
ACME-00678,Ife Nakamura,Ife Nakamura,1958-05-09,1958-05-09,+1-381-575-5025,+1-381-575-5025,"6226 Sequoia Pl, Eastgate, OH 45202","6226 Sequoia Pl, Eastgate, OH 45202",accepted,
ACME-00532,Uma Quist,Uma Quist,1992-03-23,1992-03-23,+1-734-461-4311,+1-734-461-4311,"3229 Juniper Ln, Riverton, WY 82501","3229 Juniper Ln, Riverton, WY 82501",accepted,
ACME-00912,Gita Sato,Gita Sato,1946-06-02,1946-06-02,+1-216-700-5555,+1-216-700-5555,"6005 Elm Way, Riverton, WY 82501","6005 Elm Way, Riverton, WY 82501",accepted,
ACME-00604,Tariq Yamamoto,Tariq Yamamoto,1960-02-10,1960-02-10,+1-564-565-8596,+1-564-565-8596,"1687 Pine Hollow, Greendale, CA 94027","1687 Pine Hollow, Greendale, CA 94027",accepted,
ACME-00330,Wei Sato,Wei Sato,1977-09-25,1977-09-25,+1-844-976-7029,+1-844-976-7029,"7052 Cedar St, Springfield, IL 62701","7052 Cedar St, Springfield, IL 62701",accepted,
ACME-00627,Ife Wójcik,Ife Wójcik,1999-12-15,1999-12-15,+1-787-406-8435,+1-787-406-8435,"9690 Aspen Blvd, Greendale, CA 94027","9690 Aspen Blvd, Greendale, CA 94027",accepted,
ACME-00517,Sora Almeida,Sora Almeida,1990-04-01,1990-04-01,+1-257-497-1252,+1-257-497-1252,"7836 Oakwood Dr, Lakeshore, MN 55401","7836 Oakwood Dr, Lakeshore, MN 55401",accepted,
ACME-00005,Kira Ueda,Kira Ueda,1961-01-04,1961-01-04,+1-570-789-3640,+1-570-789-3640,"9209 Pine Hollow, Eastgate, OH 45202","9209 Pine Hollow, Eastgate, OH 45202",accepted,
ACME-00407,Sora Xu,Sora Xu,1998-09-22,1998-09-22,+1-768-451-4011,+1-768-451-4011,"7386 Maple Ave, Greendale, CA 94027","7386 Maple Ave, Greendale, CA 94027",accepted,
ACME-00250,Daria Klein,Daria Klein,1999-01-27,1999-01-27,+1-428-962-4592,+1-428-962-4592,"1965 Juniper Ln, Springfield, IL 62701","1965 Juniper Ln, Springfield, IL 62701",accepted,
ACME-01118,Müller Wójcik,Müller Wójcik,1946-03-18,1946-03-18,+1-298-405-9721,+1-298-405-9721,"3009 Elm Way, Springfield, IL 62701","3009 Elm Way, Springfield, IL 62701",accepted,
ACME-00938,Uma Almeida,Uma Almeida,1996-03-09,1996-03-09,+1-772-325-8588,+1-772-325-8588,"2977 Elm Way, Greendale, CA 94027","2977 Elm Way, Greendale, CA 94027",accepted,
ACME-00166,Kira Pereira,Kira Pereira,1952-06-03,1952-06-03,+1-726-430-7540,+1-726-430-7540,"7116 Cedar St, Westwood, MA 02445","7116 Cedar St, Westwood, MA 02445",accepted,
ACME-00804,Joon Wójcik,Joon Wójcik,1992-07-05,1992-07-05,+1-428-541-7992,+1-428-541-7992,"874 Maple Ave, Springfield, IL 62701","874 Maple Ave, Springfield, IL 62701",accepted,
ACME-00234,Quentin O'Brien,Quentin O'Brien,1948-10-06,1948-10-06,+1-914-449-7452,+1-914-449-7452,"5073 Aspen Blvd, Eastgate, OH 45202","5073 Aspen Blvd, Eastgate, OH 45202",accepted,
ACME-00526,Hiro Almeida,Hiro Almeida,1985-01-18,1985-01-18,+1-467-588-4667,+1-467-588-4667,"6394 Willow Ct, Lakeshore, MN 55401","6394 Willow Ct, Lakeshore, MN 55401",accepted,
ACME-00967,Daria Yamamoto,Daria Yamamoto,1940-05-01,1940-05-01,+1-284-555-3620,+1-284-555-3620,"4185 Birch Rd, Brookhaven, GA 30303","4185 Birch Rd, Brookhaven, GA 30303",accepted,
ACME-00711,Priya Rossi,Priya Rossi,2001-01-01,2001-01-01,+1-916-774-8849,+1-916-774-8849,"2863 Juniper Ln, Eastgate, OH 45202","2863 Juniper Ln, Eastgate, OH 45202",accepted,
ACME-00629,Yara Yamamoto,Yara Yamamoto,1973-06-23,1973-06-23,+1-627-263-6597,+1-627-263-6597,"2967 Willow Ct, Lakeshore, MN 55401","2967 Willow Ct, Lakeshore, MN 55401",accepted,
ACME-00706,Hiro Dvořák,Hiro Dvořák,1984-02-18,1984-02-18,+1-917-541-2525,+1-917-541-2525,"8380 Juniper Ln, Brookhaven, GA 30303","8380 Juniper Ln, Brookhaven, GA 30303",accepted,
ACME-00651,Esma Eze,Esma Eze,1999-05-12,1999-05-12,+1-494-280-1703,+1-494-280-1703,"8175 Birch Rd, Springfield, IL 62701","8175 Birch Rd, Springfield, IL 62701",accepted,
ACME-01059,AAAAAAAAAAAAAAAAAAAAAAAAAAAAAAAAAAAAAAAAAAAAAAAAAAAAAAAAAAAAAAAAAAAAAAAAAAAAAAAAAAAAAAAAAAAAAAAAAAAAAAAAAAAAAAAAAAAAAAAAAAAAAAAAAAAAAAAAAAAAAAAAAAAAAAAAAAAAAAAAAAAAAAAAAAAAAAAAAAAAAAAAAAAAAAAAAAAAAAAA,,2005-01-10,2005-01-10,+1-954-746-6815,+1-954-746-6815,"1319 Maple Ave, Westwood, MA 02445","1319 Maple Ave, Westwood, MA 02445",accepted,
ACME-00062,Tariq Tanaka,Tariq Tanaka,1988-09-02,1988-09-02,+1-368-703-5812,+1-368-703-5812,"6198 Sequoia Pl, Lakeshore, MN 55401","6198 Sequoia Pl, Lakeshore, MN 55401",accepted,
ACME-00488,Joon Tanaka,Joon Tanaka,1964-01-27,1964-01-27,+1-464-282-8744,+1-464-282-8744,"8803 Juniper Ln, Westwood, MA 02445","8803 Juniper Ln, Westwood, MA 02445",accepted,
ACME-00161,Oren Almeida,Oren Almeida,1985-08-07,1985-08-07,+1-882-551-2971,+1-882-551-2971,"5054 Elm Way, Eastgate, OH 45202","5054 Elm Way, Eastgate, OH 45202",accepted,
ACME-00655,Hiro O'Brien,Hiro O'Brien,1943-02-11,1943-02-11,+1-876-559-2831,+1-876-559-2831,"2434 Cedar St, Lakeshore, MN 55401","2434 Cedar St, Lakeshore, MN 55401",accepted,
ACME-00204,Xiomara Yamamoto,Xiomara Yamamoto,1945-10-22,1945-10-22,+1-877-796-7561,+1-877-796-7561,"7554 Willow Ct, Greendale, CA 94027","7554 Willow Ct, Greendale, CA 94027",accepted,
ACME-00210,Uma Yamamoto,Uma Yamamoto,1964-11-11,1964-11-11,+1-272-714-1404,+1-272-714-1404,"8337 Cedar St, Lakeshore, MN 55401","8337 Cedar St, Lakeshore, MN 55401",accepted,
ACME-00233,Nikos Klein,Nikos Klein,1953-09-23,1953-09-23,+1-837-333-5269,+1-837-333-5269,"2014 Willow Ct, Springfield, IL 62701","2014 Willow Ct, Springfield, IL 62701",accepted,
ACME-00705,Sora Jensen,Sora Jensen,1978-06-20,1978-06-20,+1-225-623-1290,+1-225-623-1290,"9084 Sequoia Pl, Westwood, MA 02445","9084 Sequoia Pl, Westwood, MA 02445",accepted,
ACME-00242,Tariq Castellanos,Tariq Castellanos,1979-01-21,1979-01-21,+1-431-421-5828,+1-431-421-5828,"5358 Cedar St, Fairview, TX 75001","5358 Cedar St, Fairview, TX 75001",accepted,
ACME-00581,Tariq Castellanos,Tariq Castellanos,2005-10-12,2005-10-12,+1-370-381-4315,+1-370-381-4315,"275 Oakwood Dr, Greendale, CA 94027","275 Oakwood Dr, Greendale, CA 94027",accepted,
ACME-00716,Gita Yamamoto,Gita Yamamoto,1971-04-12,1971-04-12,+1-711-302-5068,+1-711-302-5068,"53 Aspen Blvd, Westwood, MA 02445","53 Aspen Blvd, Westwood, MA 02445",accepted,
ACME-00686,Daria Eze,Daria Eze,2002-04-13,2002-04-13,+1-804-742-5378,+1-804-742-5378,"2473 Pine Hollow, Westwood, MA 02445","2473 Pine Hollow, Westwood, MA 02445",accepted,
ACME-00786,Oren Dvořák,Oren Dvořák,1961-02-25,1961-02-25,+1-381-457-7608,+1-381-457-7608,"6069 Elm Way, Fairview, TX 75001","6069 Elm Way, Fairview, TX 75001",accepted,
ACME-00117,Lior Fernández,Lior Fernández,1967-03-15,1967-03-15,+1-521-699-2526,+1-521-699-2526,"1467 Sequoia Pl, Lakeshore, MN 55401","1467 Sequoia Pl, Lakeshore, MN 55401",accepted,
ACME-00676,Wei Nakamura,Wei Nakamura,1947-05-27,1947-05-27,+1-807-857-9672,+1-807-857-9672,"8879 Elm Way, Riverton, WY 82501","8879 Elm Way, Riverton, WY 82501",accepted,
ACME-00980,Quentin Xu,Quentin Xu,1949-03-18,1949-03-18,+1-555-881-2946,+1-555-881-2946,"6127 Sequoia Pl, Westwood, MA 02445","6127 Sequoia Pl, Westwood, MA 02445",accepted,
ACME-00331,Ravi Fernández,Ravi Fernández,1960-01-10,1960-01-10,+1-356-508-6795,+1-356-508-6795,"9821 Willow Ct, Eastgate, OH 45202","9821 Willow Ct, Eastgate, OH 45202",accepted,
ACME-00636,Oren Brennan,Oren Brennan,1943-09-28,1943-09-28,+1-678-827-5581,+1-678-827-5581,"2426 Willow Ct, Riverton, WY 82501","2426 Willow Ct, Riverton, WY 82501",accepted,
ACME-00217,Tariq Liu,Tariq Liu,1952-12-24,1952-12-24,+1-850-208-8697,+1-850-208-8697,"9723 Birch Rd, Brookhaven, GA 30303","9723 Birch Rd, Brookhaven, GA 30303",accepted,
ACME-00976,Gita Rossi,Gita Rossi,1948-11-14,1948-11-14,+1-945-777-8075,+1-945-777-8075,"5653 Willow Ct, Westwood, MA 02445","5653 Willow Ct, Westwood, MA 02445",accepted,
ACME-00560,Hiro Eze,Hiro Eze,1946-02-25,1946-02-25,+1-935-919-3062,+1-935-919-3062,"6563 Maple Ave, Springfield, IL 62701","6563 Maple Ave, Springfield, IL 62701",accepted,
ACME-01070,,,1997-06-24,1997-06-24,+1-443-861-2505,+1-443-861-2505,"1354 Oakwood Dr, Riverton, WY 82501","1354 Oakwood Dr, Riverton, WY 82501",accepted,
ACME-01076,Ife Vasquez,Ife Vasquez,,,+1-790-310-2771,+1-790-310-2771,"9958 Juniper Ln, Brookhaven, GA 30303","9958 Juniper Ln, Brookhaven, GA 30303",accepted,
ACME-00427,Oren Greco,Oren Greco,1977-11-18,1977-11-18,+1-453-577-1232,+1-453-577-1232,"1769 Aspen Blvd, Lakeshore, MN 55401","1769 Aspen Blvd, Lakeshore, MN 55401",accepted,
ACME-00683,Yara Rossi,Yara Rossi,1985-10-11,1985-10-11,+1-393-863-7904,+1-393-863-7904,"1272 Willow Ct, Lakeshore, MN 55401","1272 Willow Ct, Lakeshore, MN 55401",accepted,
ACME-00400,Oren Pereira,Oren Pereira,1996-03-12,1996-03-12,+1-373-287-6641,+1-373-287-6641,"4016 Oakwood Dr, Fairview, TX 75001","4016 Oakwood Dr, Fairview, TX 75001",accepted,
ACME-00679,Zane Vasquez,Zane Vasquez,1991-04-14,1991-04-14,+1-260-707-5064,+1-260-707-5064,"2590 Juniper Ln, Springfield, IL 62701","2590 Juniper Ln, Springfield, IL 62701",accepted,
ACME-00669,Bao Quist,Bao Quist,1940-08-24,1940-08-24,+1-230-829-7895,+1-230-829-7895,"9834 Cedar St, Eastgate, OH 45202","9834 Cedar St, Eastgate, OH 45202",accepted,
ACME-00865,Xiomara Nakamura,Xiomara Nakamura,1982-12-17,1982-12-17,+1-715-956-5352,+1-715-956-5352,"7160 Willow Ct, Fairview, TX 75001","7160 Willow Ct, Fairview, TX 75001",accepted,
ACME-00515,Yara Fernández,Yara Fernández,2001-12-05,2001-12-05,+1-715-890-8478,+1-715-890-8478,"4075 Oakwood Dr, Eastgate, OH 45202","4075 Oakwood Dr, Eastgate, OH 45202",accepted,
ACME-00816,Oren Almeida,Oren Almeida,1991-10-04,1991-10-04,+1-262-238-1282,+1-262-238-1282,"6601 Aspen Blvd, Westwood, MA 02445","6601 Aspen Blvd, Westwood, MA 02445",accepted,
ACME-00749,Ana Almeida,Ana Almeida,1987-07-06,1987-07-06,+1-386-915-7710,+1-386-915-7710,"4054 Elm Way, Lakeshore, MN 55401","4054 Elm Way, Lakeshore, MN 55401",accepted,
ACME-00308,Joon Almeida,Joon Almeida,2002-06-06,2002-06-06,+1-393-725-9524,+1-393-725-9524,"4255 Cedar St, Springfield, IL 62701","4255 Cedar St, Springfield, IL 62701",accepted,
ACME-00758,Bao O'Brien,Bao O'Brien,1966-10-23,1966-10-23,+1-702-931-6757,+1-702-931-6757,"1027 Cedar St, Fairview, TX 75001","1027 Cedar St, Fairview, TX 75001",accepted,
ACME-00666,Tariq Zúbková,Tariq Zúbková,1963-05-14,1963-05-14,+1-440-348-3209,+1-440-348-3209,"3259 Oakwood Dr, Westwood, MA 02445","3259 Oakwood Dr, Westwood, MA 02445",accepted,
ACME-00350,Lior Dvořák,Lior Dvořák,1991-12-25,1991-12-25,+1-851-267-6302,+1-851-267-6302,"5463 Elm Way, Lakeshore, MN 55401","5463 Elm Way, Lakeshore, MN 55401",accepted,
ACME-00012,Zane Almeida,Zane Almeida,1960-12-15,1960-12-15,+1-596-243-2897,+1-596-243-2897,"8440 Sequoia Pl, Eastgate, OH 45202","8440 Sequoia Pl, Eastgate, OH 45202",accepted,
ACME-00493,Gita Xu,Gita Xu,1948-12-04,1948-12-04,+1-463-321-6361,+1-463-321-6361,"1715 Maple Ave, Brookhaven, GA 30303","1715 Maple Ave, Brookhaven, GA 30303",accepted,
ACME-00546,Esma Jensen,Esma Jensen,1969-06-14,1969-06-14,+1-840-950-1277,+1-840-950-1277,"4628 Juniper Ln, Greendale, CA 94027","4628 Juniper Ln, Greendale, CA 94027",accepted,
ACME-00855,Priya Nakamura,Priya Nakamura,1951-12-28,1951-12-28,+1-536-526-4124,+1-536-526-4124,"8766 Cedar St, Westwood, MA 02445","8766 Cedar St, Westwood, MA 02445",accepted,
ACME-00884,Tariq Fernández,Tariq Fernández,1982-04-15,1982-04-15,+1-274-844-2662,+1-274-844-2662,"7996 Elm Way, Fairview, TX 75001","7996 Elm Way, Fairview, TX 75001",accepted,
ACME-01074,AAAAAAAAAAAAAAAAAAAAAAAAAAAAAAAAAAAAAAAAAAAAAAAAAAAAAAAAAAAAAAAAAAAAAAAAAAAAAAAAAAAAAAAAAAAAAAAAAAAAAAAAAAAAAAAAAAAAAAAAAAAAAAAAAAAAAAAAAAAAAAAAAAAAAAAAAAAAAAAAAAAAAAAAAAAAAAAAAAAAAAAAAAAAAAAAAAAAAAAA,,1969-04-19,1969-04-19,+1-461-536-9634,+1-461-536-9634,"176 Pine Hollow, Brookhaven, GA 30303","176 Pine Hollow, Brookhaven, GA 30303",accepted,
ACME-00074,Farid O'Brien,Farid O'Brien,2004-06-16,2004-06-16,+1-795-942-6911,+1-795-942-6911,"3685 Pine Hollow, Fairview, TX 75001","3685 Pine Hollow, Fairview, TX 75001",accepted,
ACME-00845,Viktor Yamamoto,Viktor Yamamoto,1954-12-08,1954-12-08,+1-952-693-7594,+1-952-693-7594,"2453 Maple Ave, Westwood, MA 02445","2453 Maple Ave, Westwood, MA 02445",accepted,
ACME-00132,Lior Greco,Lior Greco,1951-02-23,1951-02-23,+1-940-719-4964,+1-940-719-4964,"3963 Birch Rd, Springfield, IL 62701","3963 Birch Rd, Springfield, IL 62701",accepted,
ACME-00281,Gita Quist,Gita Quist,2002-06-03,2002-06-03,+1-397-486-6991,+1-397-486-6991,"9388 Elm Way, Fairview, TX 75001","9388 Elm Way, Fairview, TX 75001",accepted,
ACME-00158,Mei Klein,Mei Klein,2000-04-22,2000-04-22,+1-622-411-2794,+1-622-411-2794,"2139 Cedar St, Greendale, CA 94027","2139 Cedar St, Greendale, CA 94027",accepted,
ACME-00285,Oren Zúbková,Oren Zúbková,1981-07-08,1981-07-08,+1-330-920-7804,+1-330-920-7804,"1407 Willow Ct, Riverton, WY 82501","1407 Willow Ct, Riverton, WY 82501",accepted,
ACME-01027,Ravi Fernández,Ravi Fernández,1986-09-16,1986-09-16,abc-def-ghij,,"6870 Cedar St, Riverton, WY 82501","6870 Cedar St, Riverton, WY 82501",accepted,
ACME-00889,Hiro Eze,Hiro Eze,1948-04-08,1948-04-08,+1-813-259-9437,+1-813-259-9437,"1901 Juniper Ln, Riverton, WY 82501","1901 Juniper Ln, Riverton, WY 82501",accepted,
ACME-01017,Daria Quist,Daria Quist,1971-09-18,1971-09-18,abc-def-ghij,,"599 Aspen Blvd, Brookhaven, GA 30303","599 Aspen Blvd, Brookhaven, GA 30303",accepted,
ACME-00539,Joon Fernández,Joon Fernández,1942-09-19,1942-09-19,+1-381-681-3349,+1-381-681-3349,"7334 Pine Hollow, Fairview, TX 75001","7334 Pine Hollow, Fairview, TX 75001",accepted,
ACME-00259,Mei Eze,Mei Eze,1970-07-12,1970-07-12,+1-648-496-3285,+1-648-496-3285,"7001 Oakwood Dr, Springfield, IL 62701","7001 Oakwood Dr, Springfield, IL 62701",accepted,
ACME-00631,Caleb Quist,Caleb Quist,1978-05-12,1978-05-12,+1-660-240-1849,+1-660-240-1849,"5559 Maple Ave, Lakeshore, MN 55401","5559 Maple Ave, Lakeshore, MN 55401",accepted,
ACME-00044,Ravi Sato,Ravi Sato,1952-04-06,1952-04-06,+1-910-722-8735,+1-910-722-8735,"4463 Cedar St, Fairview, TX 75001","4463 Cedar St, Fairview, TX 75001",accepted,
ACME-00654,Gita Wójcik,Gita Wójcik,1961-07-20,1961-07-20,+1-969-228-3866,+1-969-228-3866,"4578 Aspen Blvd, Westwood, MA 02445","4578 Aspen Blvd, Westwood, MA 02445",accepted,
ACME-00755,Daria Wójcik,Daria Wójcik,1986-04-03,1986-04-03,+1-374-324-7370,+1-374-324-7370,"7728 Oakwood Dr, Westwood, MA 02445","7728 Oakwood Dr, Westwood, MA 02445",accepted,
ACME-01199,AAAAAAAAAAAAAAAAAAAAAAAAAAAAAAAAAAAAAAAAAAAAAAAAAAAAAAAAAAAAAAAAAAAAAAAAAAAAAAAAAAAAAAAAAAAAAAAAAAAAAAAAAAAAAAAAAAAAAAAAAAAAAAAAAAAAAAAAAAAAAAAAAAAAAAAAAAAAAAAAAAAAAAAAAAAAAAAAAAAAAAAAAAAAAAAAAAAAAAAA,,1941-04-06,1941-04-06,+1-299-378-6272,+1-299-378-6272,"2709 Oakwood Dr, Fairview, TX 75001","2709 Oakwood Dr, Fairview, TX 75001",accepted,
ACME-00802,Ife Almeida,Ife Almeida,1998-07-26,1998-07-26,+1-297-535-9170,+1-297-535-9170,"314 Oakwood Dr, Springfield, IL 62701","314 Oakwood Dr, Springfield, IL 62701",accepted,
ACME-00703,Nikos Almeida,Nikos Almeida,1959-02-02,1959-02-02,+1-802-659-1529,+1-802-659-1529,"7693 Willow Ct, Eastgate, OH 45202","7693 Willow Ct, Eastgate, OH 45202",accepted,
ACME-00772,Mei Xu,Mei Xu,1957-09-23,1957-09-23,+1-449-371-4765,+1-449-371-4765,"486 Juniper Ln, Westwood, MA 02445","486 Juniper Ln, Westwood, MA 02445",accepted,
ACME-00180,Ife Greco,Ife Greco,1943-12-27,1943-12-27,+1-224-327-3436,+1-224-327-3436,"3997 Birch Rd, Springfield, IL 62701","3997 Birch Rd, Springfield, IL 62701",accepted,
ACME-00649,Quentin Zúbková,Quentin Zúbková,1949-02-26,1949-02-26,+1-390-788-5538,+1-390-788-5538,"6206 Willow Ct, Lakeshore, MN 55401","6206 Willow Ct, Lakeshore, MN 55401",accepted,
ACME-00321,Daria Müller,Daria Müller,1975-12-15,1975-12-15,+1-815-705-4661,+1-815-705-4661,"4995 Elm Way, Fairview, TX 75001","4995 Elm Way, Fairview, TX 75001",accepted,
ACME-00523,Kira Eze,Kira Eze,1952-11-20,1952-11-20,+1-224-307-6247,+1-224-307-6247,"2954 Pine Hollow, Riverton, WY 82501","2954 Pine Hollow, Riverton, WY 82501",accepted,
ACME-00530,Farid Xu,Farid Xu,1968-07-11,1968-07-11,+1-266-260-2294,+1-266-260-2294,"4275 Juniper Ln, Brookhaven, GA 30303","4275 Juniper Ln, Brookhaven, GA 30303",accepted,
ACME-00434,Sora Rossi,Sora Rossi,1980-04-08,1980-04-08,+1-461-963-2074,+1-461-963-2074,"2473 Elm Way, Westwood, MA 02445","2473 Elm Way, Westwood, MA 02445",accepted,
ACME-00569,Nikos Jensen,Nikos Jensen,1973-12-05,1973-12-05,+1-971-247-6230,+1-971-247-6230,"9182 Cedar St, Eastgate, OH 45202","9182 Cedar St, Eastgate, OH 45202",accepted,
ACME-01167,Sora Castellanos,Sora Castellanos,1943-07-10,1943-07-10,abc-def-ghij,,"7975 Sequoia Pl, Brookhaven, GA 30303","7975 Sequoia Pl, Brookhaven, GA 30303",accepted,
ACME-00266,Farid Klein,Farid Klein,1962-01-14,1962-01-14,+1-908-741-4680,+1-908-741-4680,"4510 Aspen Blvd, Riverton, WY 82501","4510 Aspen Blvd, Riverton, WY 82501",accepted,
ACME-00073,Daria Ueda,Daria Ueda,1969-09-15,1969-09-15,+1-832-345-3579,+1-832-345-3579,"6557 Sequoia Pl, Lakeshore, MN 55401","6557 Sequoia Pl, Lakeshore, MN 55401",accepted,
ACME-01147,Ife Greco,Ife Greco,1973-07-24,1973-07-24,abc-def-ghij,,"6293 Pine Hollow, Riverton, WY 82501","6293 Pine Hollow, Riverton, WY 82501",accepted,
ACME-00919,Nikos Greco,Nikos Greco,1953-10-12,1953-10-12,+1-949-325-5609,+1-949-325-5609,"7956 Oakwood Dr, Lakeshore, MN 55401","7956 Oakwood Dr, Lakeshore, MN 55401",accepted,
ACME-00445,Yara Klein,Yara Klein,1995-03-02,1995-03-02,+1-624-201-8021,+1-624-201-8021,"2621 Cedar St, Westwood, MA 02445","2621 Cedar St, Westwood, MA 02445",accepted,
ACME-00411,Tariq Liu,Tariq Liu,1968-03-06,1968-03-06,+1-490-869-4393,+1-490-869-4393,"2872 Aspen Blvd, Lakeshore, MN 55401","2872 Aspen Blvd, Lakeshore, MN 55401",accepted,
ACME-01057,Mei Brennan,Mei Brennan,2001-04-06,2001-04-06,abc-def-ghij,,"4594 Maple Ave, Brookhaven, GA 30303","4594 Maple Ave, Brookhaven, GA 30303",accepted,
ACME-00830,Uma Quist,Uma Quist,1978-06-18,1978-06-18,+1-600-428-9457,+1-600-428-9457,"2438 Cedar St, Lakeshore, MN 55401","2438 Cedar St, Lakeshore, MN 55401",accepted,
ACME-00257,Esma Dvořák,Esma Dvořák,1999-12-09,1999-12-09,+1-463-836-2756,+1-463-836-2756,"764 Willow Ct, Eastgate, OH 45202","764 Willow Ct, Eastgate, OH 45202",accepted,
ACME-00365,Farid Greco,Farid Greco,1953-07-15,1953-07-15,+1-637-511-6600,+1-637-511-6600,"3768 Elm Way, Fairview, TX 75001","3768 Elm Way, Fairview, TX 75001",accepted,
ACME-01093,Müller Wójcik,Müller Wójcik,1968-09-11,1968-09-11,+1-950-289-7754,+1-950-289-7754,"7622 Birch Rd, Eastgate, OH 45202","7622 Birch Rd, Eastgate, OH 45202",accepted,
ACME-00403,Nikos Castellanos,Nikos Castellanos,1992-11-24,1992-11-24,+1-976-717-3083,+1-976-717-3083,"6253 Elm Way, Springfield, IL 62701","6253 Elm Way, Springfield, IL 62701",accepted,
ACME-00123,Lior Nakamura,Lior Nakamura,1965-04-19,1965-04-19,+1-654-879-8330,+1-654-879-8330,"6174 Cedar St, Brookhaven, GA 30303","6174 Cedar St, Brookhaven, GA 30303",accepted,
ACME-00102,Esma Quist,Esma Quist,1970-03-08,1970-03-08,+1-660-971-3748,+1-660-971-3748,"9175 Aspen Blvd, Eastgate, OH 45202","9175 Aspen Blvd, Eastgate, OH 45202",accepted,
ACME-00162,Wei Brennan,Wei Brennan,1992-12-17,1992-12-17,+1-345-774-2824,+1-345-774-2824,"6063 Willow Ct, Westwood, MA 02445","6063 Willow Ct, Westwood, MA 02445",accepted,
ACME-01108,Müller Wójcik,Müller Wójcik,1941-05-07,1941-05-07,+1-472-419-9585,+1-472-419-9585,"4362 Birch Rd, Eastgate, OH 45202","4362 Birch Rd, Eastgate, OH 45202",accepted,
ACME-00069,Viktor Eze,Viktor Eze,1996-11-21,1996-11-21,+1-661-688-4701,+1-661-688-4701,"6739 Sequoia Pl, Riverton, WY 82501","6739 Sequoia Pl, Riverton, WY 82501",accepted,
ACME-01165,,,1957-12-13,1957-12-13,+1-813-395-8577,+1-813-395-8577,"4899 Juniper Ln, Greendale, CA 94027","4899 Juniper Ln, Greendale, CA 94027",accepted,
ACME-00961,Priya Eze,Priya Eze,1947-11-05,1947-11-05,+1-961-318-3093,+1-961-318-3093,"265 Birch Rd, Lakeshore, MN 55401","265 Birch Rd, Lakeshore, MN 55401",accepted,
ACME-00122,Hiro Jensen,Hiro Jensen,1987-03-14,1987-03-14,+1-523-827-7619,+1-523-827-7619,"4872 Maple Ave, Eastgate, OH 45202","4872 Maple Ave, Eastgate, OH 45202",accepted,
ACME-00571,Daria Zúbková,Daria Zúbková,1967-09-13,1967-09-13,+1-888-491-3714,+1-888-491-3714,"7784 Birch Rd, Lakeshore, MN 55401","7784 Birch Rd, Lakeshore, MN 55401",accepted,
ACME-00186,Oren Wójcik,Oren Wójcik,1950-01-07,1950-01-07,+1-522-508-3649,+1-522-508-3649,"9621 Oakwood Dr, Lakeshore, MN 55401","9621 Oakwood Dr, Lakeshore, MN 55401",accepted,
ACME-00541,Gita Eze,Gita Eze,1951-10-01,1951-10-01,+1-533-982-1002,+1-533-982-1002,"17 Maple Ave, Brookhaven, GA 30303","17 Maple Ave, Brookhaven, GA 30303",accepted,
ACME-00034,Quentin O'Brien,Quentin O'Brien,1973-04-25,1973-04-25,+1-832-602-3148,+1-832-602-3148,"3128 Birch Rd, Greendale, CA 94027","3128 Birch Rd, Greendale, CA 94027",accepted,
ACME-00595,Oren Klein,Oren Klein,1958-02-02,1958-02-02,+1-240-638-6941,+1-240-638-6941,"9170 Elm Way, Greendale, CA 94027","9170 Elm Way, Greendale, CA 94027",accepted,
ACME-00591,Joon Tanaka,Joon Tanaka,1984-06-07,1984-06-07,+1-540-821-9153,+1-540-821-9153,"3131 Cedar St, Brookhaven, GA 30303","3131 Cedar St, Brookhaven, GA 30303",accepted,
ACME-00819,Viktor Wójcik,Viktor Wójcik,2005-04-01,2005-04-01,+1-382-853-9361,+1-382-853-9361,"9206 Oakwood Dr, Eastgate, OH 45202","9206 Oakwood Dr, Eastgate, OH 45202",accepted,
ACME-01136,Nikos Pereira,Nikos Pereira,,,+1-624-801-6886,+1-624-801-6886,"7320 Elm Way, Springfield, IL 62701","7320 Elm Way, Springfield, IL 62701",accepted,
ACME-00058,Ana Fernández,Ana Fernández,1951-03-03,1951-03-03,+1-642-465-8027,+1-642-465-8027,"1425 Aspen Blvd, Springfield, IL 62701","1425 Aspen Blvd, Springfield, IL 62701",accepted,
ACME-00120,Esma Vasquez,Esma Vasquez,1942-08-17,1942-08-17,+1-480-242-6719,+1-480-242-6719,"5638 Oakwood Dr, Brookhaven, GA 30303","5638 Oakwood Dr, Brookhaven, GA 30303",accepted,
ACME-00114,Bao Liu,Bao Liu,1967-11-03,1967-11-03,+1-767-542-9663,+1-767-542-9663,"2844 Elm Way, Springfield, IL 62701","2844 Elm Way, Springfield, IL 62701",accepted,
ACME-01148,Müller Wójcik,Müller Wójcik,1958-05-28,1958-05-28,+1-234-795-5661,+1-234-795-5661,"4134 Elm Way, Lakeshore, MN 55401","4134 Elm Way, Lakeshore, MN 55401",accepted,
ACME-00348,Bao Ueda,Bao Ueda,2000-12-09,2000-12-09,+1-893-598-4334,+1-893-598-4334,"168 Oakwood Dr, Greendale, CA 94027","168 Oakwood Dr, Greendale, CA 94027",accepted,
ACME-00873,Gita Nakamura,Gita Nakamura,1968-06-15,1968-06-15,+1-664-526-7942,+1-664-526-7942,"1627 Cedar St, Fairview, TX 75001","1627 Cedar St, Fairview, TX 75001",accepted,
ACME-00940,Daria Eze,Daria Eze,1944-05-03,1944-05-03,+1-590-226-8173,+1-590-226-8173,"5342 Sequoia Pl, Fairview, TX 75001","5342 Sequoia Pl, Fairview, TX 75001",accepted,
ACME-00065,Oren Müller,Oren Müller,1970-09-05,1970-09-05,+1-901-683-2256,+1-901-683-2256,"9487 Oakwood Dr, Riverton, WY 82501","9487 Oakwood Dr, Riverton, WY 82501",accepted,
ACME-00441,Bao Fernández,Bao Fernández,1992-11-22,1992-11-22,+1-702-311-9494,+1-702-311-9494,"5246 Sequoia Pl, Eastgate, OH 45202","5246 Sequoia Pl, Eastgate, OH 45202",accepted,
ACME-01143,Müller Wójcik,Müller Wójcik,2000-06-08,2000-06-08,+1-797-640-1270,+1-797-640-1270,"1745 Oakwood Dr, Greendale, CA 94027","1745 Oakwood Dr, Greendale, CA 94027",accepted,
ACME-00045,Bao Sato,Bao Sato,1954-09-27,1954-09-27,+1-371-489-9815,+1-371-489-9815,"7078 Pine Hollow, Riverton, WY 82501","7078 Pine Hollow, Riverton, WY 82501",accepted,
ACME-00836,Caleb Liu,Caleb Liu,1985-08-02,1985-08-02,+1-658-778-6183,+1-658-778-6183,"7949 Sequoia Pl, Springfield, IL 62701","7949 Sequoia Pl, Springfield, IL 62701",accepted,
ACME-00505,Wei Castellanos,Wei Castellanos,1956-12-10,1956-12-10,+1-840-757-6607,+1-840-757-6607,"1441 Oakwood Dr, Westwood, MA 02445","1441 Oakwood Dr, Westwood, MA 02445",accepted,
ACME-01152,Caleb Almeida,Caleb Almeida,1976-11-26,1976-11-26,abc-def-ghij,,"375 Aspen Blvd, Lakeshore, MN 55401","375 Aspen Blvd, Lakeshore, MN 55401",accepted,
ACME-00700,Yara Pereira,Yara Pereira,1985-07-21,1985-07-21,+1-786-606-5843,+1-786-606-5843,"4240 Sequoia Pl, Springfield, IL 62701","4240 Sequoia Pl, Springfield, IL 62701",accepted,
ACME-00376,Xiomara Tanaka,Xiomara Tanaka,1944-09-23,1944-09-23,+1-520-971-5788,+1-520-971-5788,"8013 Maple Ave, Riverton, WY 82501","8013 Maple Ave, Riverton, WY 82501",accepted,
ACME-00225,Mei Liu,Mei Liu,1970-02-17,1970-02-17,+1-679-622-2507,+1-679-622-2507,"9970 Oakwood Dr, Brookhaven, GA 30303","9970 Oakwood Dr, Brookhaven, GA 30303",accepted,
ACME-00301,Wei Hassan,Wei Hassan,1987-08-19,1987-08-19,+1-559-924-8330,+1-559-924-8330,"4185 Pine Hollow, Eastgate, OH 45202","4185 Pine Hollow, Eastgate, OH 45202",accepted,
ACME-00650,Farid Liu,Farid Liu,1999-12-16,1999-12-16,+1-906-354-9977,+1-906-354-9977,"3086 Elm Way, Riverton, WY 82501","3086 Elm Way, Riverton, WY 82501",accepted,
ACME-00997,Hiro Castellanos,Hiro Castellanos,1978-02-03,1978-02-03,+1-831-962-2917,+1-831-962-2917,"9878 Juniper Ln, Greendale, CA 94027","9878 Juniper Ln, Greendale, CA 94027",accepted,
ACME-00402,Zane Castellanos,Zane Castellanos,1947-06-24,1947-06-24,+1-227-505-5540,+1-227-505-5540,"740 Oakwood Dr, Eastgate, OH 45202","740 Oakwood Dr, Eastgate, OH 45202",accepted,
ACME-01080,,,1996-04-04,1996-04-04,+1-428-255-9188,+1-428-255-9188,"1212 Maple Ave, Brookhaven, GA 30303","1212 Maple Ave, Brookhaven, GA 30303",accepted,
ACME-00136,Hiro Pereira,Hiro Pereira,1981-07-16,1981-07-16,+1-354-862-8389,+1-354-862-8389,"5234 Oakwood Dr, Eastgate, OH 45202","5234 Oakwood Dr, Eastgate, OH 45202",accepted,
ACME-00394,Gita Castellanos,Gita Castellanos,1994-05-28,1994-05-28,+1-960-388-5063,+1-960-388-5063,"70 Cedar St, Eastgate, OH 45202","70 Cedar St, Eastgate, OH 45202",accepted,
ACME-00187,Sora Almeida,Sora Almeida,1981-11-23,1981-11-23,+1-443-888-6578,+1-443-888-6578,"7386 Pine Hollow, Riverton, WY 82501","7386 Pine Hollow, Riverton, WY 82501",accepted,
ACME-01112,Yara Quist,Yara Quist,2004-06-22,2004-06-22,abc-def-ghij,,"5115 Elm Way, Springfield, IL 62701","5115 Elm Way, Springfield, IL 62701",accepted,
ACME-00251,Wei O'Brien,Wei O'Brien,1993-03-07,1993-03-07,+1-282-452-6975,+1-282-452-6975,"715 Juniper Ln, Springfield, IL 62701","715 Juniper Ln, Springfield, IL 62701",accepted,
ACME-00071,Uma Liu,Uma Liu,1994-02-10,1994-02-10,+1-653-944-4978,+1-653-944-4978,"4739 Oakwood Dr, Fairview, TX 75001","4739 Oakwood Dr, Fairview, TX 75001",accepted,
ACME-00468,Mei Klein,Mei Klein,1952-05-06,1952-05-06,+1-699-702-5402,+1-699-702-5402,"9260 Aspen Blvd, Eastgate, OH 45202","9260 Aspen Blvd, Eastgate, OH 45202",accepted,
ACME-00552,Hiro Xu,Hiro Xu,1993-08-27,1993-08-27,+1-425-503-3396,+1-425-503-3396,"6793 Oakwood Dr, Lakeshore, MN 55401","6793 Oakwood Dr, Lakeshore, MN 55401",accepted,
ACME-00982,Priya Pereira,Priya Pereira,1986-02-03,1986-02-03,+1-275-399-6069,+1-275-399-6069,"6062 Maple Ave, Brookhaven, GA 30303","6062 Maple Ave, Brookhaven, GA 30303",accepted,
ACME-01020,,,1977-08-05,1977-08-05,+1-477-625-8088,+1-477-625-8088,"1307 Maple Ave, Eastgate, OH 45202","1307 Maple Ave, Eastgate, OH 45202",accepted,
ACME-00361,Viktor Rossi,Viktor Rossi,1965-11-27,1965-11-27,+1-629-895-8974,+1-629-895-8974,"9246 Juniper Ln, Springfield, IL 62701","9246 Juniper Ln, Springfield, IL 62701",accepted,
ACME-00027,Sora Zúbková,Sora Zúbková,1970-01-22,1970-01-22,+1-806-806-7475,+1-806-806-7475,"9599 Elm Way, Greendale, CA 94027","9599 Elm Way, Greendale, CA 94027",accepted,
ACME-01178,Müller Wójcik,Müller Wójcik,1950-04-22,1950-04-22,+1-870-299-1307,+1-870-299-1307,"9556 Maple Ave, Brookhaven, GA 30303","9556 Maple Ave, Brookhaven, GA 30303",accepted,
ACME-00601,Lior Quist,Lior Quist,1941-09-22,1941-09-22,+1-200-253-7732,+1-200-253-7732,"4972 Birch Rd, Fairview, TX 75001","4972 Birch Rd, Fairview, TX 75001",accepted,
ACME-00844,Gita Almeida,Gita Almeida,1947-12-10,1947-12-10,+1-778-285-5634,+1-778-285-5634,"3507 Birch Rd, Eastgate, OH 45202","3507 Birch Rd, Eastgate, OH 45202",accepted,
ACME-00121,Caleb Vasquez,Caleb Vasquez,2005-03-21,2005-03-21,+1-705-446-8363,+1-705-446-8363,"9438 Sequoia Pl, Springfield, IL 62701","9438 Sequoia Pl, Springfield, IL 62701",accepted,
ACME-00673,Tariq Quist,Tariq Quist,1953-05-14,1953-05-14,+1-985-846-2558,+1-985-846-2558,"6152 Maple Ave, Fairview, TX 75001","6152 Maple Ave, Fairview, TX 75001",accepted,
ACME-00063,Quentin Hassan,Quentin Hassan,1986-05-23,1986-05-23,+1-451-341-8219,+1-451-341-8219,"2519 Oakwood Dr, Fairview, TX 75001","2519 Oakwood Dr, Fairview, TX 75001",accepted,
ACME-00141,Viktor Tanaka,Viktor Tanaka,1954-03-08,1954-03-08,+1-696-764-9973,+1-696-764-9973,"9996 Willow Ct, Westwood, MA 02445","9996 Willow Ct, Westwood, MA 02445",accepted,
ACME-01172,Farid Ueda,Farid Ueda,1996-01-07,1996-01-07,abc-def-ghij,,"7788 Willow Ct, Eastgate, OH 45202","7788 Willow Ct, Eastgate, OH 45202",accepted,
ACME-00566,Priya Hassan,Priya Hassan,1968-07-22,1968-07-22,+1-448-780-1592,+1-448-780-1592,"3339 Elm Way, Fairview, TX 75001","3339 Elm Way, Fairview, TX 75001",accepted,
ACME-00616,Hiro Eze,Hiro Eze,1943-04-04,1943-04-04,+1-757-960-5717,+1-757-960-5717,"9790 Cedar St, Lakeshore, MN 55401","9790 Cedar St, Lakeshore, MN 55401",accepted,
ACME-00423,Kira Rossi,Kira Rossi,1971-09-03,1971-09-03,+1-692-411-2942,+1-692-411-2942,"5195 Juniper Ln, Greendale, CA 94027","5195 Juniper Ln, Greendale, CA 94027",accepted,
ACME-01200,,,2003-09-24,2003-09-24,+1-236-898-1979,+1-236-898-1979,"3540 Pine Hollow, Fairview, TX 75001","3540 Pine Hollow, Fairview, TX 75001",accepted,
ACME-00049,Sora Ueda,Sora Ueda,1954-07-26,1954-07-26,+1-801-666-9844,+1-801-666-9844,"5926 Pine Hollow, Westwood, MA 02445","5926 Pine Hollow, Westwood, MA 02445",accepted,
ACME-00590,Ife Hassan,Ife Hassan,1979-08-14,1979-08-14,+1-460-326-8758,+1-460-326-8758,"6634 Cedar St, Greendale, CA 94027","6634 Cedar St, Greendale, CA 94027",accepted,
ACME-00206,Priya Hassan,Priya Hassan,1945-06-20,1945-06-20,+1-352-390-2898,+1-352-390-2898,"8472 Juniper Ln, Westwood, MA 02445","8472 Juniper Ln, Westwood, MA 02445",accepted,
ACME-00957,Viktor Brennan,Viktor Brennan,1946-01-27,1946-01-27,+1-713-376-5495,+1-713-376-5495,"9801 Pine Hollow, Fairview, TX 75001","9801 Pine Hollow, Fairview, TX 75001",accepted,
ACME-00694,Bao Eze,Bao Eze,1992-12-04,1992-12-04,+1-714-453-1988,+1-714-453-1988,"4428 Aspen Blvd, Springfield, IL 62701","4428 Aspen Blvd, Springfield, IL 62701",accepted,
ACME-00757,Lior Quist,Lior Quist,1978-09-17,1978-09-17,+1-583-778-5659,+1-583-778-5659,"1407 Sequoia Pl, Greendale, CA 94027","1407 Sequoia Pl, Greendale, CA 94027",accepted,
ACME-00358,Joon Castellanos,Joon Castellanos,1984-05-28,1984-05-28,+1-931-817-1067,+1-931-817-1067,"7782 Elm Way, Fairview, TX 75001","7782 Elm Way, Fairview, TX 75001",accepted,
ACME-01150,,,1975-02-02,1975-02-02,+1-525-627-1592,+1-525-627-1592,"2691 Oakwood Dr, Fairview, TX 75001","2691 Oakwood Dr, Fairview, TX 75001",accepted,
ACME-00481,Farid Liu,Farid Liu,1984-02-05,1984-02-05,+1-919-303-4732,+1-919-303-4732,"5518 Elm Way, Riverton, WY 82501","5518 Elm Way, Riverton, WY 82501",accepted,
ACME-00172,Nikos Liu,Nikos Liu,1946-11-23,1946-11-23,+1-384-405-2135,+1-384-405-2135,"2578 Aspen Blvd, Eastgate, OH 45202","2578 Aspen Blvd, Eastgate, OH 45202",accepted,
ACME-00529,Yara Yamamoto,Yara Yamamoto,1943-11-03,1943-11-03,+1-280-508-9273,+1-280-508-9273,"8940 Pine Hollow, Westwood, MA 02445","8940 Pine Hollow, Westwood, MA 02445",accepted,
ACME-00421,Gita Fernández,Gita Fernández,1941-02-16,1941-02-16,+1-906-414-9631,+1-906-414-9631,"5873 Elm Way, Springfield, IL 62701","5873 Elm Way, Springfield, IL 62701",accepted,
ACME-01159,AAAAAAAAAAAAAAAAAAAAAAAAAAAAAAAAAAAAAAAAAAAAAAAAAAAAAAAAAAAAAAAAAAAAAAAAAAAAAAAAAAAAAAAAAAAAAAAAAAAAAAAAAAAAAAAAAAAAAAAAAAAAAAAAAAAAAAAAAAAAAAAAAAAAAAAAAAAAAAAAAAAAAAAAAAAAAAAAAAAAAAAAAAAAAAAAAAAAAAAA,,1990-07-09,1990-07-09,+1-424-366-7998,+1-424-366-7998,"430 Sequoia Pl, Fairview, TX 75001","430 Sequoia Pl, Fairview, TX 75001",accepted,
ACME-00452,Nikos Ueda,Nikos Ueda,1948-06-04,1948-06-04,+1-587-292-4062,+1-587-292-4062,"6226 Sequoia Pl, Springfield, IL 62701","6226 Sequoia Pl, Springfield, IL 62701",accepted,
ACME-00324,Sora Liu,Sora Liu,1944-11-23,1944-11-23,+1-645-718-4788,+1-645-718-4788,"6864 Birch Rd, Eastgate, OH 45202","6864 Birch Rd, Eastgate, OH 45202",accepted,
ACME-00418,Ife O'Brien,Ife O'Brien,1945-08-03,1945-08-03,+1-575-407-2608,+1-575-407-2608,"8805 Pine Hollow, Fairview, TX 75001","8805 Pine Hollow, Fairview, TX 75001",accepted,
ACME-00050,Esma Quist,Esma Quist,1984-11-02,1984-11-02,+1-463-968-5959,+1-463-968-5959,"2748 Cedar St, Greendale, CA 94027","2748 Cedar St, Greendale, CA 94027",accepted,
ACME-01195,,,1982-09-13,1982-09-13,+1-955-737-8608,+1-955-737-8608,"269 Aspen Blvd, Brookhaven, GA 30303","269 Aspen Blvd, Brookhaven, GA 30303",accepted,
ACME-01163,Müller Wójcik,Müller Wójcik,1992-03-25,1992-03-25,+1-304-821-5961,+1-304-821-5961,"6914 Maple Ave, Brookhaven, GA 30303","6914 Maple Ave, Brookhaven, GA 30303",accepted,
ACME-00628,Zane Liu,Zane Liu,1956-02-14,1956-02-14,+1-291-960-1969,+1-291-960-1969,"1408 Birch Rd, Riverton, WY 82501","1408 Birch Rd, Riverton, WY 82501",accepted,
ACME-00693,Mei Müller,Mei Müller,1948-03-01,1948-03-01,+1-241-961-7987,+1-241-961-7987,"2511 Willow Ct, Lakeshore, MN 55401","2511 Willow Ct, Lakeshore, MN 55401",accepted,
ACME-00824,Yara Zúbková,Yara Zúbková,2001-01-04,2001-01-04,+1-290-494-3440,+1-290-494-3440,"1195 Aspen Blvd, Springfield, IL 62701","1195 Aspen Blvd, Springfield, IL 62701",accepted,
ACME-00709,Ravi Müller,Ravi Müller,1997-05-17,1997-05-17,+1-290-773-9201,+1-290-773-9201,"8864 Maple Ave, Springfield, IL 62701","8864 Maple Ave, Springfield, IL 62701",accepted,
ACME-00438,Bao Nakamura,Bao Nakamura,1952-07-13,1952-07-13,+1-416-707-4451,+1-416-707-4451,"6114 Elm Way, Riverton, WY 82501","6114 Elm Way, Riverton, WY 82501",accepted,
ACME-00624,Joon Fernández,Joon Fernández,1998-11-22,1998-11-22,+1-484-409-3533,+1-484-409-3533,"5488 Pine Hollow, Greendale, CA 94027","5488 Pine Hollow, Greendale, CA 94027",accepted,
ACME-00746,Uma Nakamura,Uma Nakamura,1965-11-21,1965-11-21,+1-938-927-3657,+1-938-927-3657,"6860 Willow Ct, Riverton, WY 82501","6860 Willow Ct, Riverton, WY 82501",accepted,
ACME-00698,Yara Jensen,Yara Jensen,1984-07-15,1984-07-15,+1-974-580-7867,+1-974-580-7867,"8783 Elm Way, Fairview, TX 75001","8783 Elm Way, Fairview, TX 75001",accepted,
ACME-00610,Xiomara Quist,Xiomara Quist,1945-01-15,1945-01-15,+1-961-264-8184,+1-961-264-8184,"9676 Cedar St, Eastgate, OH 45202","9676 Cedar St, Eastgate, OH 45202",accepted,
ACME-00714,Gita Vasquez,Gita Vasquez,1948-02-20,1948-02-20,+1-719-491-4479,+1-719-491-4479,"4749 Aspen Blvd, Westwood, MA 02445","4749 Aspen Blvd, Westwood, MA 02445",accepted,
ACME-00644,Ravi Pereira,Ravi Pereira,1964-06-14,1964-06-14,+1-716-267-4613,+1-716-267-4613,"2716 Elm Way, Brookhaven, GA 30303","2716 Elm Way, Brookhaven, GA 30303",accepted,
ACME-01078,Müller Wójcik,Müller Wójcik,1982-06-14,1982-06-14,+1-836-693-5972,+1-836-693-5972,"8678 Birch Rd, Westwood, MA 02445","8678 Birch Rd, Westwood, MA 02445",accepted,
ACME-00677,Oren Yamamoto,Oren Yamamoto,1981-09-25,1981-09-25,+1-649-892-9269,+1-649-892-9269,"9227 Oakwood Dr, Greendale, CA 94027","9227 Oakwood Dr, Greendale, CA 94027",accepted,
ACME-00334,Lior Jensen,Lior Jensen,1997-08-18,1997-08-18,+1-841-263-1115,+1-841-263-1115,"7458 Elm Way, Greendale, CA 94027","7458 Elm Way, Greendale, CA 94027",accepted,
ACME-00037,Zane Tanaka,Zane Tanaka,1999-05-02,1999-05-02,+1-526-616-8495,+1-526-616-8495,"1936 Elm Way, Eastgate, OH 45202","1936 Elm Way, Eastgate, OH 45202",accepted,
ACME-00309,Caleb Liu,Caleb Liu,1944-08-07,1944-08-07,+1-737-743-9287,+1-737-743-9287,"1019 Elm Way, Lakeshore, MN 55401","1019 Elm Way, Lakeshore, MN 55401",accepted,
ACME-00370,Ravi Jensen,Ravi Jensen,1985-05-04,1985-05-04,+1-887-987-7304,+1-887-987-7304,"2851 Willow Ct, Eastgate, OH 45202","2851 Willow Ct, Eastgate, OH 45202",accepted,
ACME-01003,Müller Wójcik,Müller Wójcik,1977-10-07,1977-10-07,+1-228-482-7128,+1-228-482-7128,"1410 Willow Ct, Fairview, TX 75001","1410 Willow Ct, Fairview, TX 75001",accepted,
ACME-00995,Viktor Hassan,Viktor Hassan,2003-04-05,2003-04-05,+1-476-236-6436,+1-476-236-6436,"5496 Maple Ave, Brookhaven, GA 30303","5496 Maple Ave, Brookhaven, GA 30303",accepted,
ACME-01131,Hiro Greco,Hiro Greco,,,+1-224-809-3031,+1-224-809-3031,"5957 Willow Ct, Lakeshore, MN 55401","5957 Willow Ct, Lakeshore, MN 55401",accepted,
ACME-00782,Mei Sato,Mei Sato,1964-09-16,1964-09-16,+1-332-759-2292,+1-332-759-2292,"964 Maple Ave, Westwood, MA 02445","964 Maple Ave, Westwood, MA 02445",accepted,
ACME-00871,Uma Yamamoto,Uma Yamamoto,1941-07-07,1941-07-07,+1-963-660-7894,+1-963-660-7894,"788 Juniper Ln, Springfield, IL 62701","788 Juniper Ln, Springfield, IL 62701",accepted,
ACME-00238,Daria Zúbková,Daria Zúbková,1953-05-14,1953-05-14,+1-683-539-1827,+1-683-539-1827,"9926 Maple Ave, Greendale, CA 94027","9926 Maple Ave, Greendale, CA 94027",accepted,
ACME-01164,AAAAAAAAAAAAAAAAAAAAAAAAAAAAAAAAAAAAAAAAAAAAAAAAAAAAAAAAAAAAAAAAAAAAAAAAAAAAAAAAAAAAAAAAAAAAAAAAAAAAAAAAAAAAAAAAAAAAAAAAAAAAAAAAAAAAAAAAAAAAAAAAAAAAAAAAAAAAAAAAAAAAAAAAAAAAAAAAAAAAAAAAAAAAAAAAAAAAAAAA,,1964-02-20,1964-02-20,+1-803-680-6997,+1-803-680-6997,"947 Sequoia Pl, Springfield, IL 62701","947 Sequoia Pl, Springfield, IL 62701",accepted,
ACME-00545,Kira Vasquez,Kira Vasquez,1944-05-06,1944-05-06,+1-502-483-3472,+1-502-483-3472,"989 Oakwood Dr, Springfield, IL 62701","989 Oakwood Dr, Springfield, IL 62701",accepted,
ACME-00953,Ravi Almeida,Ravi Almeida,1953-01-24,1953-01-24,+1-927-470-3128,+1-927-470-3128,"1255 Maple Ave, Brookhaven, GA 30303","1255 Maple Ave, Brookhaven, GA 30303",accepted,
ACME-00538,Joon Fernández,Joon Fernández,1967-06-25,1967-06-25,+1-971-434-7707,+1-971-434-7707,"6026 Pine Hollow, Eastgate, OH 45202","6026 Pine Hollow, Eastgate, OH 45202",accepted,
ACME-00299,Uma Vasquez,Uma Vasquez,1967-02-13,1967-02-13,+1-385-459-5288,+1-385-459-5288,"7140 Birch Rd, Lakeshore, MN 55401","7140 Birch Rd, Lakeshore, MN 55401",accepted,
ACME-00943,Farid Greco,Farid Greco,1981-05-24,1981-05-24,+1-437-256-8272,+1-437-256-8272,"4755 Cedar St, Fairview, TX 75001","4755 Cedar St, Fairview, TX 75001",accepted,
ACME-00850,Farid Ivanova,Farid Ivanova,1966-04-19,1966-04-19,+1-695-800-1790,+1-695-800-1790,"5745 Sequoia Pl, Springfield, IL 62701","5745 Sequoia Pl, Springfield, IL 62701",accepted,
ACME-00738,Mei Brennan,Mei Brennan,2001-12-14,2001-12-14,+1-706-536-3610,+1-706-536-3610,"3663 Maple Ave, Eastgate, OH 45202","3663 Maple Ave, Eastgate, OH 45202",accepted,
ACME-00598,Uma Jensen,Uma Jensen,1978-04-25,1978-04-25,+1-522-586-4317,+1-522-586-4317,"641 Elm Way, Greendale, CA 94027","641 Elm Way, Greendale, CA 94027",accepted,
ACME-00828,Bao Castellanos,Bao Castellanos,2003-11-28,2003-11-28,+1-714-211-7872,+1-714-211-7872,"6459 Juniper Ln, Riverton, WY 82501","6459 Juniper Ln, Riverton, WY 82501",accepted,
ACME-00652,Wei Almeida,Wei Almeida,1985-01-09,1985-01-09,+1-248-340-1105,+1-248-340-1105,"2109 Willow Ct, Riverton, WY 82501","2109 Willow Ct, Riverton, WY 82501",accepted,
ACME-01023,Müller Wójcik,Müller Wójcik,1940-11-22,1940-11-22,+1-323-789-3772,+1-323-789-3772,"1657 Aspen Blvd, Greendale, CA 94027","1657 Aspen Blvd, Greendale, CA 94027",accepted,
ACME-00798,Nikos Sato,Nikos Sato,1983-12-08,1983-12-08,+1-760-401-5401,+1-760-401-5401,"7597 Sequoia Pl, Riverton, WY 82501","7597 Sequoia Pl, Riverton, WY 82501",accepted,
ACME-00863,Xiomara Zúbková,Xiomara Zúbková,1969-06-07,1969-06-07,+1-514-677-6023,+1-514-677-6023,"8222 Cedar St, Riverton, WY 82501","8222 Cedar St, Riverton, WY 82501",accepted,
ACME-00170,Oren Klein,Oren Klein,1951-04-05,1951-04-05,+1-768-472-2583,+1-768-472-2583,"4802 Cedar St, Riverton, WY 82501","4802 Cedar St, Riverton, WY 82501",accepted,
ACME-00474,Daria Klein,Daria Klein,1979-08-22,1979-08-22,+1-689-756-2464,+1-689-756-2464,"2258 Aspen Blvd, Riverton, WY 82501","2258 Aspen Blvd, Riverton, WY 82501",accepted,
ACME-00674,Mei Brennan,Mei Brennan,2002-12-05,2002-12-05,+1-700-952-8758,+1-700-952-8758,"6561 Maple Ave, Brookhaven, GA 30303","6561 Maple Ave, Brookhaven, GA 30303",accepted,
ACME-00906,Hiro Tanaka,Hiro Tanaka,1981-08-10,1981-08-10,+1-319-321-7198,+1-319-321-7198,"7125 Elm Way, Greendale, CA 94027","7125 Elm Way, Greendale, CA 94027",accepted,
ACME-01117,Hiro Sato,Hiro Sato,1985-11-05,1985-11-05,abc-def-ghij,,"9009 Pine Hollow, Eastgate, OH 45202","9009 Pine Hollow, Eastgate, OH 45202",accepted,
ACME-00550,Ravi Brennan,Ravi Brennan,1970-09-27,1970-09-27,+1-379-219-3895,+1-379-219-3895,"9725 Aspen Blvd, Fairview, TX 75001","9725 Aspen Blvd, Fairview, TX 75001",accepted,
ACME-00208,Xiomara Quist,Xiomara Quist,1994-02-03,1994-02-03,+1-301-454-5942,+1-301-454-5942,"2687 Elm Way, Lakeshore, MN 55401","2687 Elm Way, Lakeshore, MN 55401",accepted,
ACME-00203,Viktor Zúbková,Viktor Zúbková,1967-12-08,1967-12-08,+1-700-669-5802,+1-700-669-5802,"5264 Willow Ct, Greendale, CA 94027","5264 Willow Ct, Greendale, CA 94027",accepted,
ACME-00942,Wei Rossi,Wei Rossi,1966-04-19,1966-04-19,+1-241-603-1384,+1-241-603-1384,"9619 Pine Hollow, Springfield, IL 62701","9619 Pine Hollow, Springfield, IL 62701",accepted,
ACME-00232,Farid Castellanos,Farid Castellanos,1973-08-12,1973-08-12,+1-394-725-8985,+1-394-725-8985,"9139 Aspen Blvd, Springfield, IL 62701","9139 Aspen Blvd, Springfield, IL 62701",accepted,
ACME-00101,Lior Müller,Lior Müller,1941-04-22,1941-04-22,+1-527-629-1524,+1-527-629-1524,"8413 Maple Ave, Fairview, TX 75001","8413 Maple Ave, Fairview, TX 75001",accepted,
ACME-00054,Daria Greco,Daria Greco,2004-04-15,2004-04-15,+1-238-811-8175,+1-238-811-8175,"3003 Willow Ct, Springfield, IL 62701","3003 Willow Ct, Springfield, IL 62701",accepted,
ACME-01166,Quentin Sato,Quentin Sato,,,+1-629-632-1045,+1-629-632-1045,"6588 Aspen Blvd, Springfield, IL 62701","6588 Aspen Blvd, Springfield, IL 62701",accepted,
ACME-00046,Lior Eze,Lior Eze,1957-12-28,1957-12-28,+1-954-831-2100,+1-954-831-2100,"4187 Birch Rd, Springfield, IL 62701","4187 Birch Rd, Springfield, IL 62701",accepted,
ACME-00222,Tariq Vasquez,Tariq Vasquez,1950-05-21,1950-05-21,+1-760-427-9364,+1-760-427-9364,"777 Aspen Blvd, Greendale, CA 94027","777 Aspen Blvd, Greendale, CA 94027",accepted,
ACME-00428,Wei O'Brien,Wei O'Brien,1968-01-27,1968-01-27,+1-835-400-8651,+1-835-400-8651,"3457 Aspen Blvd, Westwood, MA 02445","3457 Aspen Blvd, Westwood, MA 02445",accepted,
ACME-00079,Kira Ueda,Kira Ueda,1971-01-12,1971-01-12,+1-411-677-6641,+1-411-677-6641,"5774 Willow Ct, Eastgate, OH 45202","5774 Willow Ct, Eastgate, OH 45202",accepted,
ACME-00924,Yara Sato,Yara Sato,1989-03-07,1989-03-07,+1-894-271-3010,+1-894-271-3010,"2684 Aspen Blvd, Springfield, IL 62701","2684 Aspen Blvd, Springfield, IL 62701",accepted,
ACME-00460,Tariq Liu,Tariq Liu,1947-09-06,1947-09-06,+1-317-414-7113,+1-317-414-7113,"7627 Birch Rd, Fairview, TX 75001","7627 Birch Rd, Fairview, TX 75001",accepted,
ACME-00507,Xiomara Ueda,Xiomara Ueda,1984-02-11,1984-02-11,+1-947-659-1605,+1-947-659-1605,"6863 Cedar St, Westwood, MA 02445","6863 Cedar St, Westwood, MA 02445",accepted,
ACME-00933,Gita Zúbková,Gita Zúbková,1997-11-06,1997-11-06,+1-888-728-8639,+1-888-728-8639,"4217 Maple Ave, Eastgate, OH 45202","4217 Maple Ave, Eastgate, OH 45202",accepted,
ACME-00406,Quentin Quist,Quentin Quist,1957-10-17,1957-10-17,+1-388-601-2710,+1-388-601-2710,"5675 Sequoia Pl, Fairview, TX 75001","5675 Sequoia Pl, Fairview, TX 75001",accepted,
ACME-00868,Xiomara Xu,Xiomara Xu,1977-12-12,1977-12-12,+1-625-382-5650,+1-625-382-5650,"3193 Pine Hollow, Riverton, WY 82501","3193 Pine Hollow, Riverton, WY 82501",accepted,
ACME-00511,Viktor Quist,Viktor Quist,1957-03-05,1957-03-05,+1-824-795-9372,+1-824-795-9372,"3768 Cedar St, Fairview, TX 75001","3768 Cedar St, Fairview, TX 75001",accepted,
ACME-00072,Sora Rossi,Sora Rossi,1955-01-03,1955-01-03,+1-587-436-1891,+1-587-436-1891,"1426 Pine Hollow, Brookhaven, GA 30303","1426 Pine Hollow, Brookhaven, GA 30303",accepted,
ACME-00292,Daria Eze,Daria Eze,1943-04-08,1943-04-08,+1-815-732-8523,+1-815-732-8523,"3436 Elm Way, Lakeshore, MN 55401","3436 Elm Way, Lakeshore, MN 55401",accepted,
ACME-00531,Ravi Ivanova,Ravi Ivanova,1947-11-17,1947-11-17,+1-365-301-7336,+1-365-301-7336,"6148 Oakwood Dr, Riverton, WY 82501","6148 Oakwood Dr, Riverton, WY 82501",accepted,
ACME-00095,Ife Rossi,Ife Rossi,1996-10-21,1996-10-21,+1-311-235-7519,+1-311-235-7519,"1509 Birch Rd, Westwood, MA 02445","1509 Birch Rd, Westwood, MA 02445",accepted,
ACME-00395,Oren Dvořák,Oren Dvořák,1987-12-15,1987-12-15,+1-964-738-3623,+1-964-738-3623,"7824 Maple Ave, Greendale, CA 94027","7824 Maple Ave, Greendale, CA 94027",accepted,
ACME-00575,Kira Yamamoto,Kira Yamamoto,1981-03-14,1981-03-14,+1-987-941-2628,+1-987-941-2628,"115 Sequoia Pl, Brookhaven, GA 30303","115 Sequoia Pl, Brookhaven, GA 30303",accepted,
ACME-00319,Kira Zúbková,Kira Zúbková,1970-03-02,1970-03-02,+1-403-671-2693,+1-403-671-2693,"4317 Oakwood Dr, Springfield, IL 62701","4317 Oakwood Dr, Springfield, IL 62701",accepted,
ACME-00774,Nikos Liu,Nikos Liu,1974-12-24,1974-12-24,+1-853-723-3831,+1-853-723-3831,"1401 Juniper Ln, Riverton, WY 82501","1401 Juniper Ln, Riverton, WY 82501",accepted,
ACME-00084,Lior Brennan,Lior Brennan,1968-02-24,1968-02-24,+1-975-549-7524,+1-975-549-7524,"1610 Oakwood Dr, Brookhaven, GA 30303","1610 Oakwood Dr, Brookhaven, GA 30303",accepted,
ACME-00671,Wei Hassan,Wei Hassan,1986-03-10,1986-03-10,+1-614-488-8909,+1-614-488-8909,"7317 Cedar St, Eastgate, OH 45202","7317 Cedar St, Eastgate, OH 45202",accepted,
ACME-00780,Yara Wójcik,Yara Wójcik,2003-06-23,2003-06-23,+1-952-474-3170,+1-952-474-3170,"6855 Juniper Ln, Riverton, WY 82501","6855 Juniper Ln, Riverton, WY 82501",accepted,
ACME-01006,Wei Wójcik,Wei Wójcik,,,+1-692-873-4226,+1-692-873-4226,"4863 Sequoia Pl, Springfield, IL 62701","4863 Sequoia Pl, Springfield, IL 62701",accepted,
ACME-00390,Oren Tanaka,Oren Tanaka,1959-09-18,1959-09-18,+1-687-960-3111,+1-687-960-3111,"9650 Willow Ct, Greendale, CA 94027","9650 Willow Ct, Greendale, CA 94027",accepted,
ACME-01104,AAAAAAAAAAAAAAAAAAAAAAAAAAAAAAAAAAAAAAAAAAAAAAAAAAAAAAAAAAAAAAAAAAAAAAAAAAAAAAAAAAAAAAAAAAAAAAAAAAAAAAAAAAAAAAAAAAAAAAAAAAAAAAAAAAAAAAAAAAAAAAAAAAAAAAAAAAAAAAAAAAAAAAAAAAAAAAAAAAAAAAAAAAAAAAAAAAAAAAAA,,1978-05-16,1978-05-16,+1-509-632-9072,+1-509-632-9072,"4538 Willow Ct, Riverton, WY 82501","4538 Willow Ct, Riverton, WY 82501",accepted,
ACME-00107,Priya Tanaka,Priya Tanaka,2004-04-10,2004-04-10,+1-561-524-5757,+1-561-524-5757,"4062 Birch Rd, Eastgate, OH 45202","4062 Birch Rd, Eastgate, OH 45202",accepted,
ACME-01133,Müller Wójcik,Müller Wójcik,1942-01-26,1942-01-26,+1-844-287-7717,+1-844-287-7717,"9243 Willow Ct, Lakeshore, MN 55401","9243 Willow Ct, Lakeshore, MN 55401",accepted,
ACME-00971,Viktor Greco,Viktor Greco,1995-10-12,1995-10-12,+1-784-512-1803,+1-784-512-1803,"1249 Birch Rd, Riverton, WY 82501","1249 Birch Rd, Riverton, WY 82501",accepted,
ACME-00559,Nikos Ueda,Nikos Ueda,1953-02-03,1953-02-03,+1-950-259-2834,+1-950-259-2834,"152 Elm Way, Eastgate, OH 45202","152 Elm Way, Eastgate, OH 45202",accepted,
ACME-00038,Ana Greco,Ana Greco,1964-08-19,1964-08-19,+1-653-984-6022,+1-653-984-6022,"5148 Elm Way, Greendale, CA 94027","5148 Elm Way, Greendale, CA 94027",accepted,
ACME-00052,Xiomara Tanaka,Xiomara Tanaka,1953-09-20,1953-09-20,+1-396-941-6624,+1-396-941-6624,"7013 Elm Way, Lakeshore, MN 55401","7013 Elm Way, Lakeshore, MN 55401",accepted,
ACME-00996,Ife Zúbková,Ife Zúbková,1958-11-25,1958-11-25,+1-469-986-7647,+1-469-986-7647,"710 Sequoia Pl, Westwood, MA 02445","710 Sequoia Pl, Westwood, MA 02445",accepted,
ACME-00261,Sora Greco,Sora Greco,1999-01-05,1999-01-05,+1-693-214-8188,+1-693-214-8188,"765 Willow Ct, Westwood, MA 02445","765 Willow Ct, Westwood, MA 02445",accepted,
ACME-00874,Zane Dvořák,Zane Dvořák,1995-03-11,1995-03-11,+1-559-216-9047,+1-559-216-9047,"7048 Juniper Ln, Eastgate, OH 45202","7048 Juniper Ln, Eastgate, OH 45202",accepted,
ACME-00443,Lior Dvořák,Lior Dvořák,1985-02-15,1985-02-15,+1-709-745-6925,+1-709-745-6925,"4506 Juniper Ln, Springfield, IL 62701","4506 Juniper Ln, Springfield, IL 62701",accepted,
ACME-00613,Bao Liu,Bao Liu,1944-04-09,1944-04-09,+1-900-763-4456,+1-900-763-4456,"2726 Aspen Blvd, Springfield, IL 62701","2726 Aspen Blvd, Springfield, IL 62701",accepted,
ACME-00016,Nikos Pereira,Nikos Pereira,1969-02-07,1969-02-07,+1-482-764-5139,+1-482-764-5139,"3324 Elm Way, Riverton, WY 82501","3324 Elm Way, Riverton, WY 82501",accepted,
ACME-00580,Daria Rossi,Daria Rossi,1950-03-19,1950-03-19,+1-515-629-3192,+1-515-629-3192,"1493 Maple Ave, Fairview, TX 75001","1493 Maple Ave, Fairview, TX 75001",accepted,
ACME-00143,Joon Rossi,Joon Rossi,1997-07-21,1997-07-21,+1-815-499-9099,+1-815-499-9099,"8044 Cedar St, Lakeshore, MN 55401","8044 Cedar St, Lakeshore, MN 55401",accepted,
ACME-00801,Viktor Pereira,Viktor Pereira,1954-03-10,1954-03-10,+1-975-348-7141,+1-975-348-7141,"1102 Pine Hollow, Brookhaven, GA 30303","1102 Pine Hollow, Brookhaven, GA 30303",accepted,
ACME-00175,Sora Vasquez,Sora Vasquez,1955-01-10,1955-01-10,+1-833-482-8273,+1-833-482-8273,"4929 Willow Ct, Brookhaven, GA 30303","4929 Willow Ct, Brookhaven, GA 30303",accepted,
ACME-01036,Mei Sato,Mei Sato,,,+1-748-940-4767,+1-748-940-4767,"2515 Elm Way, Lakeshore, MN 55401","2515 Elm Way, Lakeshore, MN 55401",accepted,
ACME-00489,Lior Hassan,Lior Hassan,1943-04-02,1943-04-02,+1-402-496-2556,+1-402-496-2556,"6045 Juniper Ln, Westwood, MA 02445","6045 Juniper Ln, Westwood, MA 02445",accepted,
ACME-00239,Farid Wójcik,Farid Wójcik,1950-04-27,1950-04-27,+1-396-290-3509,+1-396-290-3509,"3120 Elm Way, Riverton, WY 82501","3120 Elm Way, Riverton, WY 82501",accepted,
ACME-00525,Tariq Hassan,Tariq Hassan,1958-03-21,1958-03-21,+1-902-568-9735,+1-902-568-9735,"8636 Maple Ave, Springfield, IL 62701","8636 Maple Ave, Springfield, IL 62701",accepted,
ACME-00764,Xiomara Brennan,Xiomara Brennan,1942-09-23,1942-09-23,+1-929-862-6156,+1-929-862-6156,"5647 Aspen Blvd, Greendale, CA 94027","5647 Aspen Blvd, Greendale, CA 94027",accepted,
ACME-00648,Viktor Liu,Viktor Liu,1955-03-26,1955-03-26,+1-985-818-7928,+1-985-818-7928,"1659 Oakwood Dr, Fairview, TX 75001","1659 Oakwood Dr, Fairview, TX 75001",accepted,
ACME-01079,AAAAAAAAAAAAAAAAAAAAAAAAAAAAAAAAAAAAAAAAAAAAAAAAAAAAAAAAAAAAAAAAAAAAAAAAAAAAAAAAAAAAAAAAAAAAAAAAAAAAAAAAAAAAAAAAAAAAAAAAAAAAAAAAAAAAAAAAAAAAAAAAAAAAAAAAAAAAAAAAAAAAAAAAAAAAAAAAAAAAAAAAAAAAAAAAAAAAAAAA,,1977-07-26,1977-07-26,+1-241-277-4807,+1-241-277-4807,"1965 Pine Hollow, Riverton, WY 82501","1965 Pine Hollow, Riverton, WY 82501",accepted,
ACME-00699,Gita Ueda,Gita Ueda,1963-06-16,1963-06-16,+1-863-301-8927,+1-863-301-8927,"8592 Cedar St, Springfield, IL 62701","8592 Cedar St, Springfield, IL 62701",accepted,
ACME-00214,Mei Quist,Mei Quist,1966-11-08,1966-11-08,+1-361-203-2678,+1-361-203-2678,"8847 Maple Ave, Springfield, IL 62701","8847 Maple Ave, Springfield, IL 62701",accepted,
ACME-00010,Priya Ueda,Priya Ueda,1965-01-21,1965-01-21,+1-785-881-5447,+1-785-881-5447,"4137 Elm Way, Lakeshore, MN 55401","4137 Elm Way, Lakeshore, MN 55401",accepted,
ACME-00478,Quentin Hassan,Quentin Hassan,1968-07-28,1968-07-28,+1-866-207-8058,+1-866-207-8058,"4345 Juniper Ln, Riverton, WY 82501","4345 Juniper Ln, Riverton, WY 82501",accepted,
ACME-00295,Hiro Brennan,Hiro Brennan,1993-04-17,1993-04-17,+1-298-926-4062,+1-298-926-4062,"663 Birch Rd, Lakeshore, MN 55401","663 Birch Rd, Lakeshore, MN 55401",accepted,
ACME-00853,Hiro Liu,Hiro Liu,1998-03-01,1998-03-01,+1-941-476-8786,+1-941-476-8786,"2965 Cedar St, Greendale, CA 94027","2965 Cedar St, Greendale, CA 94027",accepted,
ACME-00212,Kira Dvořák,Kira Dvořák,1940-02-06,1940-02-06,+1-946-566-1465,+1-946-566-1465,"568 Sequoia Pl, Lakeshore, MN 55401","568 Sequoia Pl, Lakeshore, MN 55401",accepted,
ACME-00275,Yara Ivanova,Yara Ivanova,1954-03-09,1954-03-09,+1-550-825-5186,+1-550-825-5186,"5992 Maple Ave, Lakeshore, MN 55401","5992 Maple Ave, Lakeshore, MN 55401",accepted,
ACME-00009,Viktor Quist,Viktor Quist,1974-01-12,1974-01-12,+1-650-233-5603,+1-650-233-5603,"2839 Cedar St, Brookhaven, GA 30303","2839 Cedar St, Brookhaven, GA 30303",accepted,
ACME-00111,Lior Eze,Lior Eze,1959-02-18,1959-02-18,+1-695-889-3587,+1-695-889-3587,"2103 Sequoia Pl, Springfield, IL 62701","2103 Sequoia Pl, Springfield, IL 62701",accepted,
ACME-00592,Gita Brennan,Gita Brennan,2001-03-15,2001-03-15,+1-862-776-4305,+1-862-776-4305,"9106 Juniper Ln, Fairview, TX 75001","9106 Juniper Ln, Fairview, TX 75001",accepted,
ACME-01018,Müller Wójcik,Müller Wójcik,1997-06-19,1997-06-19,+1-492-969-4224,+1-492-969-4224,"3070 Sequoia Pl, Eastgate, OH 45202","3070 Sequoia Pl, Eastgate, OH 45202",accepted,
ACME-00022,Ife Nakamura,Ife Nakamura,1996-05-14,1996-05-14,+1-591-666-7838,+1-591-666-7838,"8668 Aspen Blvd, Greendale, CA 94027","8668 Aspen Blvd, Greendale, CA 94027",accepted,
ACME-00368,Yara Liu,Yara Liu,1958-10-27,1958-10-27,+1-204-345-9123,+1-204-345-9123,"2221 Juniper Ln, Fairview, TX 75001","2221 Juniper Ln, Fairview, TX 75001",accepted,
ACME-00522,Tariq Rossi,Tariq Rossi,1948-11-10,1948-11-10,+1-253-887-2346,+1-253-887-2346,"4941 Pine Hollow, Greendale, CA 94027","4941 Pine Hollow, Greendale, CA 94027",accepted,
ACME-00712,Oren Quist,Oren Quist,1995-11-15,1995-11-15,+1-735-954-6509,+1-735-954-6509,"6000 Maple Ave, Lakeshore, MN 55401","6000 Maple Ave, Lakeshore, MN 55401",accepted,
ACME-00088,Oren Sato,Oren Sato,1991-06-07,1991-06-07,+1-360-676-5315,+1-360-676-5315,"1769 Juniper Ln, Fairview, TX 75001","1769 Juniper Ln, Fairview, TX 75001",accepted,
ACME-00195,Hiro Xu,Hiro Xu,1995-11-16,1995-11-16,+1-981-277-4282,+1-981-277-4282,"8868 Cedar St, Eastgate, OH 45202","8868 Cedar St, Eastgate, OH 45202",accepted,
ACME-01069,AAAAAAAAAAAAAAAAAAAAAAAAAAAAAAAAAAAAAAAAAAAAAAAAAAAAAAAAAAAAAAAAAAAAAAAAAAAAAAAAAAAAAAAAAAAAAAAAAAAAAAAAAAAAAAAAAAAAAAAAAAAAAAAAAAAAAAAAAAAAAAAAAAAAAAAAAAAAAAAAAAAAAAAAAAAAAAAAAAAAAAAAAAAAAAAAAAAAAAAA,,1947-07-27,1947-07-27,+1-733-632-5510,+1-733-632-5510,"9363 Sequoia Pl, Riverton, WY 82501","9363 Sequoia Pl, Riverton, WY 82501",accepted,
ACME-00453,Quentin Eze,Quentin Eze,1990-01-27,1990-01-27,+1-864-952-6592,+1-864-952-6592,"904 Maple Ave, Lakeshore, MN 55401","904 Maple Ave, Lakeshore, MN 55401",accepted,
ACME-00014,Kira Müller,Kira Müller,1969-03-16,1969-03-16,+1-294-365-3314,+1-294-365-3314,"375 Juniper Ln, Brookhaven, GA 30303","375 Juniper Ln, Brookhaven, GA 30303",accepted,
ACME-00915,Oren Quist,Oren Quist,1975-01-19,1975-01-19,+1-512-724-6205,+1-512-724-6205,"581 Maple Ave, Lakeshore, MN 55401","581 Maple Ave, Lakeshore, MN 55401",accepted,
ACME-00520,Gita Müller,Gita Müller,1948-05-24,1948-05-24,+1-578-447-1803,+1-578-447-1803,"5654 Aspen Blvd, Springfield, IL 62701","5654 Aspen Blvd, Springfield, IL 62701",accepted,
ACME-00512,Uma Klein,Uma Klein,2002-05-09,2002-05-09,+1-775-485-7314,+1-775-485-7314,"3220 Sequoia Pl, Brookhaven, GA 30303","3220 Sequoia Pl, Brookhaven, GA 30303",accepted,
ACME-00335,Wei Tanaka,Wei Tanaka,1958-08-05,1958-08-05,+1-824-870-7017,+1-824-870-7017,"988 Birch Rd, Riverton, WY 82501","988 Birch Rd, Riverton, WY 82501",accepted,
ACME-00355,Kira Ueda,Kira Ueda,1974-11-13,1974-11-13,+1-248-758-1324,+1-248-758-1324,"3984 Willow Ct, Greendale, CA 94027","3984 Willow Ct, Greendale, CA 94027",accepted,
ACME-01179,AAAAAAAAAAAAAAAAAAAAAAAAAAAAAAAAAAAAAAAAAAAAAAAAAAAAAAAAAAAAAAAAAAAAAAAAAAAAAAAAAAAAAAAAAAAAAAAAAAAAAAAAAAAAAAAAAAAAAAAAAAAAAAAAAAAAAAAAAAAAAAAAAAAAAAAAAAAAAAAAAAAAAAAAAAAAAAAAAAAAAAAAAAAAAAAAAAAAAAAA,,1964-08-23,1964-08-23,+1-860-765-9890,+1-860-765-9890,"2312 Elm Way, Lakeshore, MN 55401","2312 Elm Way, Lakeshore, MN 55401",accepted,
ACME-00831,Xiomara O'Brien,Xiomara O'Brien,1982-07-08,1982-07-08,+1-444-925-3816,+1-444-925-3816,"7741 Pine Hollow, Greendale, CA 94027","7741 Pine Hollow, Greendale, CA 94027",accepted,
ACME-01039,AAAAAAAAAAAAAAAAAAAAAAAAAAAAAAAAAAAAAAAAAAAAAAAAAAAAAAAAAAAAAAAAAAAAAAAAAAAAAAAAAAAAAAAAAAAAAAAAAAAAAAAAAAAAAAAAAAAAAAAAAAAAAAAAAAAAAAAAAAAAAAAAAAAAAAAAAAAAAAAAAAAAAAAAAAAAAAAAAAAAAAAAAAAAAAAAAAAAAAAA,,1969-08-05,1969-08-05,+1-700-785-7638,+1-700-785-7638,"997 Cedar St, Riverton, WY 82501","997 Cedar St, Riverton, WY 82501",accepted,
ACME-00903,Caleb Wójcik,Caleb Wójcik,1982-06-16,1982-06-16,+1-673-902-5740,+1-673-902-5740,"6008 Oakwood Dr, Greendale, CA 94027","6008 Oakwood Dr, Greendale, CA 94027",accepted,
ACME-00077,Tariq Ivanova,Tariq Ivanova,1945-08-28,1945-08-28,+1-495-406-5159,+1-495-406-5159,"9461 Oakwood Dr, Fairview, TX 75001","9461 Oakwood Dr, Fairview, TX 75001",accepted,
ACME-00747,Nikos Dvořák,Nikos Dvořák,1948-01-12,1948-01-12,+1-940-801-9843,+1-940-801-9843,"4281 Elm Way, Riverton, WY 82501","4281 Elm Way, Riverton, WY 82501",accepted,
ACME-00188,Esma Yamamoto,Esma Yamamoto,2005-09-05,2005-09-05,+1-260-530-2097,+1-260-530-2097,"9430 Pine Hollow, Fairview, TX 75001","9430 Pine Hollow, Fairview, TX 75001",accepted,
ACME-01158,Müller Wójcik,Müller Wójcik,1980-03-18,1980-03-18,+1-693-295-2212,+1-693-295-2212,"987 Aspen Blvd, Brookhaven, GA 30303","987 Aspen Blvd, Brookhaven, GA 30303",accepted,
ACME-00909,Kira Greco,Kira Greco,2004-08-18,2004-08-18,+1-805-707-1275,+1-805-707-1275,"8467 Sequoia Pl, Greendale, CA 94027","8467 Sequoia Pl, Greendale, CA 94027",accepted,
ACME-00265,Joon Klein,Joon Klein,1976-09-26,1976-09-26,+1-740-476-6543,+1-740-476-6543,"2186 Pine Hollow, Westwood, MA 02445","2186 Pine Hollow, Westwood, MA 02445",accepted,
ACME-01154,AAAAAAAAAAAAAAAAAAAAAAAAAAAAAAAAAAAAAAAAAAAAAAAAAAAAAAAAAAAAAAAAAAAAAAAAAAAAAAAAAAAAAAAAAAAAAAAAAAAAAAAAAAAAAAAAAAAAAAAAAAAAAAAAAAAAAAAAAAAAAAAAAAAAAAAAAAAAAAAAAAAAAAAAAAAAAAAAAAAAAAAAAAAAAAAAAAAAAAAA,,1964-05-25,1964-05-25,+1-274-244-1739,+1-274-244-1739,"5368 Juniper Ln, Brookhaven, GA 30303","5368 Juniper Ln, Brookhaven, GA 30303",accepted,
ACME-00024,Tariq Tanaka,Tariq Tanaka,1982-07-01,1982-07-01,+1-690-742-8279,+1-690-742-8279,"7118 Aspen Blvd, Riverton, WY 82501","7118 Aspen Blvd, Riverton, WY 82501",accepted,
ACME-01041,Ana Dvořák,Ana Dvořák,,,+1-894-821-4489,+1-894-821-4489,"322 Maple Ave, Fairview, TX 75001","322 Maple Ave, Fairview, TX 75001",accepted,
ACME-00756,Yara Nakamura,Yara Nakamura,1943-09-19,1943-09-19,+1-810-821-3789,+1-810-821-3789,"341 Pine Hollow, Westwood, MA 02445","341 Pine Hollow, Westwood, MA 02445",accepted,
ACME-00473,Mei Brennan,Mei Brennan,1984-11-02,1984-11-02,+1-791-816-4869,+1-791-816-4869,"9616 Elm Way, Lakeshore, MN 55401","9616 Elm Way, Lakeshore, MN 55401",accepted,
ACME-00748,Sora Fernández,Sora Fernández,1976-04-26,1976-04-26,+1-219-921-3849,+1-219-921-3849,"7133 Maple Ave, Greendale, CA 94027","7133 Maple Ave, Greendale, CA 94027",accepted,
ACME-00283,Viktor Ivanova,Viktor Ivanova,1953-03-11,1953-03-11,+1-454-219-9159,+1-454-219-9159,"9703 Elm Way, Greendale, CA 94027","9703 Elm Way, Greendale, CA 94027",accepted,
ACME-00551,Ravi Hassan,Ravi Hassan,1974-01-26,1974-01-26,+1-740-563-7970,+1-740-563-7970,"5500 Oakwood Dr, Springfield, IL 62701","5500 Oakwood Dr, Springfield, IL 62701",accepted,
ACME-00697,Yara Rossi,Yara Rossi,1984-06-21,1984-06-21,+1-341-403-3998,+1-341-403-3998,"9212 Sequoia Pl, Brookhaven, GA 30303","9212 Sequoia Pl, Brookhaven, GA 30303",accepted,
ACME-00731,Priya Tanaka,Priya Tanaka,1968-09-11,1968-09-11,+1-758-806-2171,+1-758-806-2171,"6798 Elm Way, Brookhaven, GA 30303","6798 Elm Way, Brookhaven, GA 30303",accepted,
ACME-00806,Bao Dvořák,Bao Dvořák,1950-05-03,1950-05-03,+1-201-226-1604,+1-201-226-1604,"8994 Willow Ct, Riverton, WY 82501","8994 Willow Ct, Riverton, WY 82501",accepted,
ACME-00404,Zane Zúbková,Zane Zúbková,1971-09-11,1971-09-11,+1-923-857-8517,+1-923-857-8517,"6082 Cedar St, Riverton, WY 82501","6082 Cedar St, Riverton, WY 82501",accepted,
ACME-00991,Zane Liu,Zane Liu,1964-06-28,1964-06-28,+1-761-246-1472,+1-761-246-1472,"6098 Juniper Ln, Fairview, TX 75001","6098 Juniper Ln, Fairview, TX 75001",accepted,
ACME-01191,Xiomara Greco,Xiomara Greco,,,+1-244-389-7230,+1-244-389-7230,"7280 Aspen Blvd, Springfield, IL 62701","7280 Aspen Blvd, Springfield, IL 62701",accepted,
ACME-00951,Quentin Nakamura,Quentin Nakamura,1999-07-25,1999-07-25,+1-263-867-1497,+1-263-867-1497,"7342 Cedar St, Lakeshore, MN 55401","7342 Cedar St, Lakeshore, MN 55401",accepted,
ACME-00946,Quentin O'Brien,Quentin O'Brien,1970-08-08,1970-08-08,+1-286-312-7014,+1-286-312-7014,"5429 Willow Ct, Eastgate, OH 45202","5429 Willow Ct, Eastgate, OH 45202",accepted,
ACME-00775,Zane Yamamoto,Zane Yamamoto,1963-10-13,1963-10-13,+1-442-701-9801,+1-442-701-9801,"6781 Maple Ave, Lakeshore, MN 55401","6781 Maple Ave, Lakeshore, MN 55401",accepted,
ACME-00374,Ana Wójcik,Ana Wójcik,1975-03-02,1975-03-02,+1-490-442-4448,+1-490-442-4448,"4723 Cedar St, Eastgate, OH 45202","4723 Cedar St, Eastgate, OH 45202",accepted,
ACME-00316,Zane Dvořák,Zane Dvořák,1995-05-09,1995-05-09,+1-438-545-4915,+1-438-545-4915,"180 Aspen Blvd, Lakeshore, MN 55401","180 Aspen Blvd, Lakeshore, MN 55401",accepted,
ACME-01132,Nikos Xu,Nikos Xu,1998-12-18,1998-12-18,abc-def-ghij,,"6042 Juniper Ln, Fairview, TX 75001","6042 Juniper Ln, Fairview, TX 75001",accepted,
ACME-00279,Tariq Eze,Tariq Eze,1987-01-27,1987-01-27,+1-645-588-4243,+1-645-588-4243,"492 Cedar St, Westwood, MA 02445","492 Cedar St, Westwood, MA 02445",accepted,
ACME-00702,Ravi Rossi,Ravi Rossi,1946-03-20,1946-03-20,+1-668-939-1328,+1-668-939-1328,"279 Elm Way, Fairview, TX 75001","279 Elm Way, Fairview, TX 75001",accepted,
ACME-00792,Oren Müller,Oren Müller,1997-07-16,1997-07-16,+1-774-541-6938,+1-774-541-6938,"2913 Aspen Blvd, Springfield, IL 62701","2913 Aspen Blvd, Springfield, IL 62701",accepted,
ACME-00398,Farid Fernández,Farid Fernández,2004-08-21,2004-08-21,+1-506-852-4086,+1-506-852-4086,"2073 Sequoia Pl, Westwood, MA 02445","2073 Sequoia Pl, Westwood, MA 02445",accepted,
ACME-00360,Kira Pereira,Kira Pereira,1975-08-25,1975-08-25,+1-432-492-7701,+1-432-492-7701,"9722 Elm Way, Springfield, IL 62701","9722 Elm Way, Springfield, IL 62701",accepted,
ACME-00006,Nikos Klein,Nikos Klein,1944-11-24,1944-11-24,+1-522-322-5491,+1-522-322-5491,"8648 Juniper Ln, Lakeshore, MN 55401","8648 Juniper Ln, Lakeshore, MN 55401",accepted,
ACME-00721,Tariq Quist,Tariq Quist,1943-10-24,1943-10-24,+1-878-858-2924,+1-878-858-2924,"8204 Pine Hollow, Eastgate, OH 45202","8204 Pine Hollow, Eastgate, OH 45202",accepted,
ACME-00641,Priya Liu,Priya Liu,1953-02-27,1953-02-27,+1-815-483-5128,+1-815-483-5128,"7599 Aspen Blvd, Eastgate, OH 45202","7599 Aspen Blvd, Eastgate, OH 45202",accepted,
ACME-00864,Sora Jensen,Sora Jensen,1982-05-17,1982-05-17,+1-471-321-5101,+1-471-321-5101,"8528 Maple Ave, Fairview, TX 75001","8528 Maple Ave, Fairview, TX 75001",accepted,
ACME-00843,Priya Castellanos,Priya Castellanos,2001-08-18,2001-08-18,+1-484-406-8751,+1-484-406-8751,"359 Sequoia Pl, Greendale, CA 94027","359 Sequoia Pl, Greendale, CA 94027",accepted,
ACME-00329,Hiro Eze,Hiro Eze,1968-02-16,1968-02-16,+1-425-581-3806,+1-425-581-3806,"4641 Maple Ave, Lakeshore, MN 55401","4641 Maple Ave, Lakeshore, MN 55401",accepted,
ACME-01185,,,1943-06-02,1943-06-02,+1-519-473-7780,+1-519-473-7780,"1708 Pine Hollow, Lakeshore, MN 55401","1708 Pine Hollow, Lakeshore, MN 55401",accepted,
ACME-00178,Yara Wójcik,Yara Wójcik,1993-09-05,1993-09-05,+1-259-631-6095,+1-259-631-6095,"1659 Birch Rd, Fairview, TX 75001","1659 Birch Rd, Fairview, TX 75001",accepted,
ACME-00272,Bao Müller,Bao Müller,1979-01-02,1979-01-02,+1-643-211-2342,+1-643-211-2342,"7282 Elm Way, Riverton, WY 82501","7282 Elm Way, Riverton, WY 82501",accepted,
ACME-00236,Ana Pereira,Ana Pereira,1986-11-22,1986-11-22,+1-954-566-4913,+1-954-566-4913,"4460 Willow Ct, Riverton, WY 82501","4460 Willow Ct, Riverton, WY 82501",accepted,
ACME-00663,Priya O'Brien,Priya O'Brien,1961-11-02,1961-11-02,+1-210-344-6990,+1-210-344-6990,"57 Sequoia Pl, Eastgate, OH 45202","57 Sequoia Pl, Eastgate, OH 45202",accepted,
ACME-00223,Viktor Castellanos,Viktor Castellanos,1980-03-27,1980-03-27,+1-524-959-9400,+1-524-959-9400,"2144 Willow Ct, Brookhaven, GA 30303","2144 Willow Ct, Brookhaven, GA 30303",accepted,
ACME-00503,Mei Klein,Mei Klein,1963-05-16,1963-05-16,+1-521-250-7520,+1-521-250-7520,"5069 Elm Way, Brookhaven, GA 30303","5069 Elm Way, Brookhaven, GA 30303",accepted,
ACME-00067,Tariq Pereira,Tariq Pereira,1955-07-21,1955-07-21,+1-567-651-3019,+1-567-651-3019,"1876 Cedar St, Eastgate, OH 45202","1876 Cedar St, Eastgate, OH 45202",accepted,
ACME-01047,Ravi Eze,Ravi Eze,1963-05-13,1963-05-13,abc-def-ghij,,"2012 Sequoia Pl, Fairview, TX 75001","2012 Sequoia Pl, Fairview, TX 75001",accepted,
ACME-00808,Uma Greco,Uma Greco,2001-09-28,2001-09-28,+1-626-323-8630,+1-626-323-8630,"378 Willow Ct, Lakeshore, MN 55401","378 Willow Ct, Lakeshore, MN 55401",accepted,
ACME-00416,Gita Brennan,Gita Brennan,1990-10-13,1990-10-13,+1-787-503-1070,+1-787-503-1070,"838 Birch Rd, Greendale, CA 94027","838 Birch Rd, Greendale, CA 94027",accepted,
ACME-00446,Tariq Quist,Tariq Quist,1973-05-13,1973-05-13,+1-947-774-7915,+1-947-774-7915,"2892 Pine Hollow, Eastgate, OH 45202","2892 Pine Hollow, Eastgate, OH 45202",accepted,
ACME-00722,Xiomara Jensen,Xiomara Jensen,1974-12-06,1974-12-06,+1-449-826-4447,+1-449-826-4447,"8874 Elm Way, Riverton, WY 82501","8874 Elm Way, Riverton, WY 82501",accepted,
ACME-01008,Müller Wójcik,Müller Wójcik,1947-07-27,1947-07-27,+1-687-434-5274,+1-687-434-5274,"4428 Birch Rd, Brookhaven, GA 30303","4428 Birch Rd, Brookhaven, GA 30303",accepted,
ACME-00682,Viktor Yamamoto,Viktor Yamamoto,1961-03-11,1961-03-11,+1-400-771-5725,+1-400-771-5725,"5570 Cedar St, Greendale, CA 94027","5570 Cedar St, Greendale, CA 94027",accepted,
ACME-01192,Viktor Fernández,Viktor Fernández,1962-01-24,1962-01-24,abc-def-ghij,,"6692 Cedar St, Lakeshore, MN 55401","6692 Cedar St, Lakeshore, MN 55401",accepted,
ACME-00051,Yara Wójcik,Yara Wójcik,1994-09-19,1994-09-19,+1-570-296-9390,+1-570-296-9390,"8833 Cedar St, Eastgate, OH 45202","8833 Cedar St, Eastgate, OH 45202",accepted,
ACME-00954,Xiomara Zúbková,Xiomara Zúbková,1960-12-22,1960-12-22,+1-668-707-7517,+1-668-707-7517,"8959 Birch Rd, Fairview, TX 75001","8959 Birch Rd, Fairview, TX 75001",accepted,
ACME-01050,,,1969-08-09,1969-08-09,+1-286-807-8242,+1-286-807-8242,"5941 Birch Rd, Eastgate, OH 45202","5941 Birch Rd, Eastgate, OH 45202",accepted,
ACME-00557,Gita Tanaka,Gita Tanaka,1963-08-21,1963-08-21,+1-573-670-8475,+1-573-670-8475,"85 Maple Ave, Springfield, IL 62701","85 Maple Ave, Springfield, IL 62701",accepted,
ACME-01109,AAAAAAAAAAAAAAAAAAAAAAAAAAAAAAAAAAAAAAAAAAAAAAAAAAAAAAAAAAAAAAAAAAAAAAAAAAAAAAAAAAAAAAAAAAAAAAAAAAAAAAAAAAAAAAAAAAAAAAAAAAAAAAAAAAAAAAAAAAAAAAAAAAAAAAAAAAAAAAAAAAAAAAAAAAAAAAAAAAAAAAAAAAAAAAAAAAAAAAAA,,1968-04-28,1968-04-28,+1-773-300-6937,+1-773-300-6937,"6567 Willow Ct, Brookhaven, GA 30303","6567 Willow Ct, Brookhaven, GA 30303",accepted,
ACME-01173,Müller Wójcik,Müller Wójcik,1982-03-14,1982-03-14,+1-781-403-3209,+1-781-403-3209,"1171 Sequoia Pl, Eastgate, OH 45202","1171 Sequoia Pl, Eastgate, OH 45202",accepted,
ACME-00440,Gita Greco,Gita Greco,1955-12-02,1955-12-02,+1-677-217-5306,+1-677-217-5306,"7370 Juniper Ln, Riverton, WY 82501","7370 Juniper Ln, Riverton, WY 82501",accepted,
ACME-00960,Ife Hassan,Ife Hassan,2005-01-04,2005-01-04,+1-571-759-8813,+1-571-759-8813,"746 Birch Rd, Springfield, IL 62701","746 Birch Rd, Springfield, IL 62701",accepted,
ACME-00935,Sora Ueda,Sora Ueda,1955-09-01,1955-09-01,+1-844-668-9305,+1-844-668-9305,"8783 Birch Rd, Eastgate, OH 45202","8783 Birch Rd, Eastgate, OH 45202",accepted,
ACME-00235,Viktor Vasquez,Viktor Vasquez,1958-08-26,1958-08-26,+1-383-552-6679,+1-383-552-6679,"9490 Willow Ct, Westwood, MA 02445","9490 Willow Ct, Westwood, MA 02445",accepted,
ACME-00322,Yara Pereira,Yara Pereira,1943-05-18,1943-05-18,+1-684-860-3670,+1-684-860-3670,"356 Cedar St, Greendale, CA 94027","356 Cedar St, Greendale, CA 94027",accepted,
ACME-00577,Zane Dvořák,Zane Dvořák,1976-08-26,1976-08-26,+1-205-914-9859,+1-205-914-9859,"771 Sequoia Pl, Fairview, TX 75001","771 Sequoia Pl, Fairview, TX 75001",accepted,
ACME-00572,Tariq Greco,Tariq Greco,1972-10-12,1972-10-12,+1-595-607-1949,+1-595-607-1949,"4238 Willow Ct, Riverton, WY 82501","4238 Willow Ct, Riverton, WY 82501",accepted,
ACME-01187,Uma O'Brien,Uma O'Brien,1971-04-06,1971-04-06,abc-def-ghij,,"3690 Sequoia Pl, Westwood, MA 02445","3690 Sequoia Pl, Westwood, MA 02445",accepted,
ACME-00662,Nikos Xu,Nikos Xu,1955-10-15,1955-10-15,+1-628-500-2895,+1-628-500-2895,"3483 Juniper Ln, Brookhaven, GA 30303","3483 Juniper Ln, Brookhaven, GA 30303",accepted,
ACME-00159,Kira Zúbková,Kira Zúbková,1944-03-26,1944-03-26,+1-600-920-2843,+1-600-920-2843,"5831 Sequoia Pl, Brookhaven, GA 30303","5831 Sequoia Pl, Brookhaven, GA 30303",accepted,
ACME-01010,,,1942-04-13,1942-04-13,+1-854-348-2433,+1-854-348-2433,"4057 Juniper Ln, Brookhaven, GA 30303","4057 Juniper Ln, Brookhaven, GA 30303",accepted,
ACME-00302,Viktor Klein,Viktor Klein,1994-03-21,1994-03-21,+1-381-462-7308,+1-381-462-7308,"3362 Elm Way, Springfield, IL 62701","3362 Elm Way, Springfield, IL 62701",accepted,
ACME-00318,Oren Tanaka,Oren Tanaka,1980-09-04,1980-09-04,+1-900-334-1598,+1-900-334-1598,"8451 Maple Ave, Riverton, WY 82501","8451 Maple Ave, Riverton, WY 82501",accepted,
ACME-00556,Bao Wójcik,Bao Wójcik,1990-06-17,1990-06-17,+1-320-593-2051,+1-320-593-2051,"6745 Pine Hollow, Westwood, MA 02445","6745 Pine Hollow, Westwood, MA 02445",accepted,
ACME-00840,Priya Almeida,Priya Almeida,1980-07-12,1980-07-12,+1-914-686-5979,+1-914-686-5979,"9573 Oakwood Dr, Brookhaven, GA 30303","9573 Oakwood Dr, Brookhaven, GA 30303",accepted,
ACME-00882,Ife Tanaka,Ife Tanaka,1982-06-12,1982-06-12,+1-577-952-4416,+1-577-952-4416,"1119 Oakwood Dr, Eastgate, OH 45202","1119 Oakwood Dr, Eastgate, OH 45202",accepted,
ACME-00734,Sora Vasquez,Sora Vasquez,1960-01-01,1960-01-01,+1-250-212-6430,+1-250-212-6430,"9053 Maple Ave, Fairview, TX 75001","9053 Maple Ave, Fairview, TX 75001",accepted,
ACME-01170,,,1941-11-03,1941-11-03,+1-333-254-6052,+1-333-254-6052,"8644 Oakwood Dr, Lakeshore, MN 55401","8644 Oakwood Dr, Lakeshore, MN 55401",accepted,
ACME-00962,Ravi Rossi,Ravi Rossi,1966-12-14,1966-12-14,+1-349-377-4767,+1-349-377-4767,"3054 Aspen Blvd, Greendale, CA 94027","3054 Aspen Blvd, Greendale, CA 94027",accepted,
ACME-00424,Tariq Liu,Tariq Liu,1992-11-09,1992-11-09,+1-875-219-9168,+1-875-219-9168,"2565 Maple Ave, Lakeshore, MN 55401","2565 Maple Ave, Lakeshore, MN 55401",accepted,
ACME-00082,Ife Vasquez,Ife Vasquez,1947-07-25,1947-07-25,+1-783-860-9825,+1-783-860-9825,"3959 Oakwood Dr, Brookhaven, GA 30303","3959 Oakwood Dr, Brookhaven, GA 30303",accepted,
ACME-00483,Priya Zúbková,Priya Zúbková,1998-10-02,1998-10-02,+1-863-317-5229,+1-863-317-5229,"3598 Birch Rd, Springfield, IL 62701","3598 Birch Rd, Springfield, IL 62701",accepted,
ACME-00184,Sora Dvořák,Sora Dvořák,1974-01-25,1974-01-25,+1-256-581-4562,+1-256-581-4562,"4225 Juniper Ln, Springfield, IL 62701","4225 Juniper Ln, Springfield, IL 62701",accepted,
ACME-00293,Caleb Fernández,Caleb Fernández,1995-09-26,1995-09-26,+1-766-670-3921,+1-766-670-3921,"984 Pine Hollow, Brookhaven, GA 30303","984 Pine Hollow, Brookhaven, GA 30303",accepted,
ACME-00356,Xiomara Ivanova,Xiomara Ivanova,1999-11-25,1999-11-25,+1-361-252-2992,+1-361-252-2992,"4171 Willow Ct, Springfield, IL 62701","4171 Willow Ct, Springfield, IL 62701",accepted,
ACME-00154,Xiomara Almeida,Xiomara Almeida,1989-11-07,1989-11-07,+1-398-435-6139,+1-398-435-6139,"2916 Sequoia Pl, Fairview, TX 75001","2916 Sequoia Pl, Fairview, TX 75001",accepted,
ACME-00728,Mei Liu,Mei Liu,1968-12-14,1968-12-14,+1-489-982-5113,+1-489-982-5113,"5680 Willow Ct, Greendale, CA 94027","5680 Willow Ct, Greendale, CA 94027",accepted,
ACME-00668,Mei Quist,Mei Quist,1973-08-15,1973-08-15,+1-592-673-9130,+1-592-673-9130,"5148 Sequoia Pl, Riverton, WY 82501","5148 Sequoia Pl, Riverton, WY 82501",accepted,
ACME-00366,Farid Greco,Farid Greco,1986-02-18,1986-02-18,+1-407-421-4696,+1-407-421-4696,"5409 Birch Rd, Brookhaven, GA 30303","5409 Birch Rd, Brookhaven, GA 30303",accepted,
ACME-01085,,,1963-08-14,1963-08-14,+1-495-273-6542,+1-495-273-6542,"7994 Juniper Ln, Fairview, TX 75001","7994 Juniper Ln, Fairview, TX 75001",accepted,
ACME-00858,Zane Xu,Zane Xu,1973-02-16,1973-02-16,+1-483-463-3979,+1-483-463-3979,"9270 Sequoia Pl, Eastgate, OH 45202","9270 Sequoia Pl, Eastgate, OH 45202",accepted,
ACME-01024,AAAAAAAAAAAAAAAAAAAAAAAAAAAAAAAAAAAAAAAAAAAAAAAAAAAAAAAAAAAAAAAAAAAAAAAAAAAAAAAAAAAAAAAAAAAAAAAAAAAAAAAAAAAAAAAAAAAAAAAAAAAAAAAAAAAAAAAAAAAAAAAAAAAAAAAAAAAAAAAAAAAAAAAAAAAAAAAAAAAAAAAAAAAAAAAAAAAAAAAA,,1940-07-09,1940-07-09,+1-738-718-7682,+1-738-718-7682,"3716 Juniper Ln, Riverton, WY 82501","3716 Juniper Ln, Riverton, WY 82501",accepted,
ACME-00617,Bao Dvořák,Bao Dvořák,1989-03-12,1989-03-12,+1-573-827-2536,+1-573-827-2536,"7932 Elm Way, Eastgate, OH 45202","7932 Elm Way, Eastgate, OH 45202",accepted,
ACME-00789,Ana Eze,Ana Eze,1956-04-20,1956-04-20,+1-587-906-4192,+1-587-906-4192,"4966 Birch Rd, Eastgate, OH 45202","4966 Birch Rd, Eastgate, OH 45202",accepted,
ACME-00377,Tariq Hassan,Tariq Hassan,1964-11-18,1964-11-18,+1-835-411-1310,+1-835-411-1310,"4715 Aspen Blvd, Springfield, IL 62701","4715 Aspen Blvd, Springfield, IL 62701",accepted,
ACME-00219,Quentin Hassan,Quentin Hassan,1945-03-10,1945-03-10,+1-217-439-1663,+1-217-439-1663,"2227 Cedar St, Riverton, WY 82501","2227 Cedar St, Riverton, WY 82501",accepted,
ACME-00558,Gita Ivanova,Gita Ivanova,1959-06-21,1959-06-21,+1-385-523-7620,+1-385-523-7620,"5770 Aspen Blvd, Lakeshore, MN 55401","5770 Aspen Blvd, Lakeshore, MN 55401",accepted,
ACME-00115,Zane Nakamura,Zane Nakamura,1998-05-20,1998-05-20,+1-726-770-9243,+1-726-770-9243,"6702 Sequoia Pl, Springfield, IL 62701","6702 Sequoia Pl, Springfield, IL 62701",accepted,
ACME-00803,Priya Klein,Priya Klein,1948-03-07,1948-03-07,+1-219-645-5233,+1-219-645-5233,"1733 Sequoia Pl, Westwood, MA 02445","1733 Sequoia Pl, Westwood, MA 02445",accepted,
ACME-01049,AAAAAAAAAAAAAAAAAAAAAAAAAAAAAAAAAAAAAAAAAAAAAAAAAAAAAAAAAAAAAAAAAAAAAAAAAAAAAAAAAAAAAAAAAAAAAAAAAAAAAAAAAAAAAAAAAAAAAAAAAAAAAAAAAAAAAAAAAAAAAAAAAAAAAAAAAAAAAAAAAAAAAAAAAAAAAAAAAAAAAAAAAAAAAAAAAAAAAAAA,,1987-07-25,1987-07-25,+1-690-648-5335,+1-690-648-5335,"7110 Elm Way, Fairview, TX 75001","7110 Elm Way, Fairview, TX 75001",accepted,
ACME-00337,Ana Fernández,Ana Fernández,1943-09-20,1943-09-20,+1-322-962-3038,+1-322-962-3038,"3908 Juniper Ln, Riverton, WY 82501","3908 Juniper Ln, Riverton, WY 82501",accepted,
ACME-00448,Tariq O'Brien,Tariq O'Brien,1991-10-20,1991-10-20,+1-447-820-4580,+1-447-820-4580,"7570 Aspen Blvd, Lakeshore, MN 55401","7570 Aspen Blvd, Lakeshore, MN 55401",accepted,
ACME-00765,Farid Wójcik,Farid Wójcik,1942-09-04,1942-09-04,+1-287-954-2478,+1-287-954-2478,"8303 Maple Ave, Fairview, TX 75001","8303 Maple Ave, Fairview, TX 75001",accepted,
ACME-00315,Farid Klein,Farid Klein,1958-04-02,1958-04-02,+1-609-380-4333,+1-609-380-4333,"1696 Elm Way, Westwood, MA 02445","1696 Elm Way, Westwood, MA 02445",accepted,
ACME-00513,Yara Jensen,Yara Jensen,1985-04-25,1985-04-25,+1-843-693-4350,+1-843-693-4350,"7697 Aspen Blvd, Riverton, WY 82501","7697 Aspen Blvd, Riverton, WY 82501",accepted,
ACME-00984,Esma Klein,Esma Klein,1995-04-15,1995-04-15,+1-927-288-4462,+1-927-288-4462,"5229 Cedar St, Fairview, TX 75001","5229 Cedar St, Fairview, TX 75001",accepted,
ACME-00417,Quentin Nakamura,Quentin Nakamura,1953-01-03,1953-01-03,+1-638-944-1649,+1-638-944-1649,"683 Aspen Blvd, Greendale, CA 94027","683 Aspen Blvd, Greendale, CA 94027",accepted,
ACME-00218,Tariq Sato,Tariq Sato,1944-02-28,1944-02-28,+1-867-565-1642,+1-867-565-1642,"244 Aspen Blvd, Springfield, IL 62701","244 Aspen Blvd, Springfield, IL 62701",accepted,
ACME-00190,Esma Xu,Esma Xu,1967-01-24,1967-01-24,+1-944-978-7411,+1-944-978-7411,"5377 Pine Hollow, Eastgate, OH 45202","5377 Pine Hollow, Eastgate, OH 45202",accepted,
ACME-00710,Kira Vasquez,Kira Vasquez,2005-10-18,2005-10-18,+1-613-261-9249,+1-613-261-9249,"8268 Willow Ct, Springfield, IL 62701","8268 Willow Ct, Springfield, IL 62701",accepted,
ACME-00642,Gita Yamamoto,Gita Yamamoto,1982-07-02,1982-07-02,+1-828-724-4437,+1-828-724-4437,"3644 Elm Way, Eastgate, OH 45202","3644 Elm Way, Eastgate, OH 45202",accepted,
ACME-01091,Tariq Sato,Tariq Sato,,,+1-866-795-9557,+1-866-795-9557,"4319 Oakwood Dr, Westwood, MA 02445","4319 Oakwood Dr, Westwood, MA 02445",accepted,
ACME-00477,Sora Pereira,Sora Pereira,1970-03-02,1970-03-02,+1-585-300-2137,+1-585-300-2137,"8056 Pine Hollow, Brookhaven, GA 30303","8056 Pine Hollow, Brookhaven, GA 30303",accepted,
ACME-01061,Esma Fernández,Esma Fernández,,,+1-211-399-5524,+1-211-399-5524,"5762 Elm Way, Greendale, CA 94027","5762 Elm Way, Greendale, CA 94027",accepted,
ACME-00380,Gita Jensen,Gita Jensen,1965-01-16,1965-01-16,+1-604-962-9485,+1-604-962-9485,"577 Maple Ave, Greendale, CA 94027","577 Maple Ave, Greendale, CA 94027",accepted,
ACME-00389,Esma Yamamoto,Esma Yamamoto,1980-09-17,1980-09-17,+1-684-836-7736,+1-684-836-7736,"7647 Aspen Blvd, Fairview, TX 75001","7647 Aspen Blvd, Fairview, TX 75001",accepted,
ACME-00436,Ife Klein,Ife Klein,1976-10-14,1976-10-14,+1-649-452-3209,+1-649-452-3209,"3016 Elm Way, Greendale, CA 94027","3016 Elm Way, Greendale, CA 94027",accepted,
ACME-01082,Bao Ueda,Bao Ueda,1941-01-15,1941-01-15,abc-def-ghij,,"7909 Juniper Ln, Eastgate, OH 45202","7909 Juniper Ln, Eastgate, OH 45202",accepted,
ACME-00213,Daria Liu,Daria Liu,1982-11-02,1982-11-02,+1-734-684-3586,+1-734-684-3586,"4509 Birch Rd, Lakeshore, MN 55401","4509 Birch Rd, Lakeshore, MN 55401",accepted,
ACME-01129,AAAAAAAAAAAAAAAAAAAAAAAAAAAAAAAAAAAAAAAAAAAAAAAAAAAAAAAAAAAAAAAAAAAAAAAAAAAAAAAAAAAAAAAAAAAAAAAAAAAAAAAAAAAAAAAAAAAAAAAAAAAAAAAAAAAAAAAAAAAAAAAAAAAAAAAAAAAAAAAAAAAAAAAAAAAAAAAAAAAAAAAAAAAAAAAAAAAAAAAA,,1991-02-03,1991-02-03,+1-729-456-5481,+1-729-456-5481,"736 Pine Hollow, Riverton, WY 82501","736 Pine Hollow, Riverton, WY 82501",accepted,
ACME-00584,Caleb Eze,Caleb Eze,1972-04-01,1972-04-01,+1-939-313-1486,+1-939-313-1486,"4545 Cedar St, Fairview, TX 75001","4545 Cedar St, Fairview, TX 75001",accepted,
ACME-00151,Ife Brennan,Ife Brennan,1997-12-25,1997-12-25,+1-468-233-5872,+1-468-233-5872,"6500 Juniper Ln, Brookhaven, GA 30303","6500 Juniper Ln, Brookhaven, GA 30303",accepted,
ACME-00433,Xiomara Hassan,Xiomara Hassan,1965-05-23,1965-05-23,+1-531-957-2341,+1-531-957-2341,"9021 Cedar St, Lakeshore, MN 55401","9021 Cedar St, Lakeshore, MN 55401",accepted,
ACME-00286,Viktor Yamamoto,Viktor Yamamoto,1956-07-09,1956-07-09,+1-399-365-6863,+1-399-365-6863,"561 Aspen Blvd, Springfield, IL 62701","561 Aspen Blvd, Springfield, IL 62701",accepted,
ACME-00262,Sora Wójcik,Sora Wójcik,1999-12-08,1999-12-08,+1-822-856-5080,+1-822-856-5080,"1521 Willow Ct, Fairview, TX 75001","1521 Willow Ct, Fairview, TX 75001",accepted,
ACME-00869,Farid Wójcik,Farid Wójcik,1966-04-28,1966-04-28,+1-331-768-4150,+1-331-768-4150,"6124 Cedar St, Fairview, TX 75001","6124 Cedar St, Fairview, TX 75001",accepted,
ACME-01004,AAAAAAAAAAAAAAAAAAAAAAAAAAAAAAAAAAAAAAAAAAAAAAAAAAAAAAAAAAAAAAAAAAAAAAAAAAAAAAAAAAAAAAAAAAAAAAAAAAAAAAAAAAAAAAAAAAAAAAAAAAAAAAAAAAAAAAAAAAAAAAAAAAAAAAAAAAAAAAAAAAAAAAAAAAAAAAAAAAAAAAAAAAAAAAAAAAAAAAAA,,1944-01-17,1944-01-17,+1-626-743-4645,+1-626-743-4645,"9368 Sequoia Pl, Springfield, IL 62701","9368 Sequoia Pl, Springfield, IL 62701",accepted,
ACME-00094,Oren Xu,Oren Xu,1975-03-15,1975-03-15,+1-710-213-6798,+1-710-213-6798,"9246 Oakwood Dr, Fairview, TX 75001","9246 Oakwood Dr, Fairview, TX 75001",accepted,
ACME-00973,Hiro Zúbková,Hiro Zúbková,1991-08-25,1991-08-25,+1-946-667-1247,+1-946-667-1247,"5325 Cedar St, Riverton, WY 82501","5325 Cedar St, Riverton, WY 82501",accepted,
ACME-00817,Zane Zúbková,Zane Zúbková,2001-01-08,2001-01-08,+1-839-762-9774,+1-839-762-9774,"9596 Sequoia Pl, Riverton, WY 82501","9596 Sequoia Pl, Riverton, WY 82501",accepted,
ACME-00484,Xiomara Brennan,Xiomara Brennan,1969-06-09,1969-06-09,+1-388-700-3490,+1-388-700-3490,"9792 Willow Ct, Springfield, IL 62701","9792 Willow Ct, Springfield, IL 62701",accepted,
ACME-00769,Esma Fernández,Esma Fernández,2002-03-26,2002-03-26,+1-252-931-2576,+1-252-931-2576,"3696 Aspen Blvd, Brookhaven, GA 30303","3696 Aspen Blvd, Brookhaven, GA 30303",accepted,
ACME-00696,Wei Fernández,Wei Fernández,1993-01-01,1993-01-01,+1-323-357-5553,+1-323-357-5553,"6728 Pine Hollow, Westwood, MA 02445","6728 Pine Hollow, Westwood, MA 02445",accepted,
ACME-00799,Priya Yamamoto,Priya Yamamoto,1973-11-22,1973-11-22,+1-873-867-8802,+1-873-867-8802,"6090 Pine Hollow, Eastgate, OH 45202","6090 Pine Hollow, Eastgate, OH 45202",accepted,
ACME-00630,Uma Hassan,Uma Hassan,1966-03-11,1966-03-11,+1-202-611-8306,+1-202-611-8306,"7032 Willow Ct, Lakeshore, MN 55401","7032 Willow Ct, Lakeshore, MN 55401",accepted,
ACME-00661,Ana Yamamoto,Ana Yamamoto,1999-01-17,1999-01-17,+1-879-366-8384,+1-879-366-8384,"6176 Pine Hollow, Riverton, WY 82501","6176 Pine Hollow, Riverton, WY 82501",accepted,
ACME-00289,Kira Eze,Kira Eze,1999-10-04,1999-10-04,+1-440-636-5015,+1-440-636-5015,"954 Willow Ct, Brookhaven, GA 30303","954 Willow Ct, Brookhaven, GA 30303",accepted,
ACME-00916,Nikos Ueda,Nikos Ueda,1983-02-13,1983-02-13,+1-571-981-2984,+1-571-981-2984,"86 Willow Ct, Eastgate, OH 45202","86 Willow Ct, Eastgate, OH 45202",accepted,
ACME-01092,Zane Brennan,Zane Brennan,1965-04-09,1965-04-09,abc-def-ghij,,"3027 Sequoia Pl, Riverton, WY 82501","3027 Sequoia Pl, Riverton, WY 82501",accepted,
ACME-00227,Mei Vasquez,Mei Vasquez,1985-07-04,1985-07-04,+1-209-448-9236,+1-209-448-9236,"2614 Juniper Ln, Springfield, IL 62701","2614 Juniper Ln, Springfield, IL 62701",accepted,
ACME-00988,Joon Klein,Joon Klein,1952-07-21,1952-07-21,+1-760-960-1892,+1-760-960-1892,"3258 Pine Hollow, Riverton, WY 82501","3258 Pine Hollow, Riverton, WY 82501",accepted,
ACME-00464,Uma Fernández,Uma Fernández,1942-04-21,1942-04-21,+1-410-948-6121,+1-410-948-6121,"4000 Oakwood Dr, Lakeshore, MN 55401","4000 Oakwood Dr, Lakeshore, MN 55401",accepted,
ACME-01033,Müller Wójcik,Müller Wójcik,2003-08-04,2003-08-04,+1-325-862-6142,+1-325-862-6142,"7305 Elm Way, Lakeshore, MN 55401","7305 Elm Way, Lakeshore, MN 55401",accepted,
ACME-00294,Daria Xu,Daria Xu,1986-05-07,1986-05-07,+1-311-381-2469,+1-311-381-2469,"3475 Oakwood Dr, Greendale, CA 94027","3475 Oakwood Dr, Greendale, CA 94027",accepted,
ACME-00471,Ana Jensen,Ana Jensen,1972-02-05,1972-02-05,+1-298-934-8837,+1-298-934-8837,"8793 Oakwood Dr, Riverton, WY 82501","8793 Oakwood Dr, Riverton, WY 82501",accepted,
ACME-01153,Müller Wójcik,Müller Wójcik,1980-02-22,1980-02-22,+1-939-840-6203,+1-939-840-6203,"1735 Juniper Ln, Springfield, IL 62701","1735 Juniper Ln, Springfield, IL 62701",accepted,
ACME-00901,Esma Greco,Esma Greco,1984-02-20,1984-02-20,+1-911-840-8438,+1-911-840-8438,"1856 Cedar St, Westwood, MA 02445","1856 Cedar St, Westwood, MA 02445",accepted,
ACME-00199,Lior Greco,Lior Greco,2000-10-03,2000-10-03,+1-588-261-7642,+1-588-261-7642,"2048 Pine Hollow, Lakeshore, MN 55401","2048 Pine Hollow, Lakeshore, MN 55401",accepted,
ACME-00925,Oren Eze,Oren Eze,1954-06-26,1954-06-26,+1-613-932-3992,+1-613-932-3992,"3018 Willow Ct, Eastgate, OH 45202","3018 Willow Ct, Eastgate, OH 45202",accepted,
ACME-01026,Oren Greco,Oren Greco,,,+1-467-811-8727,+1-467-811-8727,"1697 Pine Hollow, Fairview, TX 75001","1697 Pine Hollow, Fairview, TX 75001",accepted,
ACME-00763,Lior Müller,Lior Müller,2005-01-21,2005-01-21,+1-430-833-1091,+1-430-833-1091,"4276 Pine Hollow, Westwood, MA 02445","4276 Pine Hollow, Westwood, MA 02445",accepted,
ACME-01037,Ravi Liu,Ravi Liu,1963-07-22,1963-07-22,abc-def-ghij,,"2865 Birch Rd, Westwood, MA 02445","2865 Birch Rd, Westwood, MA 02445",accepted,
ACME-00039,Ravi Zúbková,Ravi Zúbková,1969-10-01,1969-10-01,+1-774-718-1247,+1-774-718-1247,"3055 Oakwood Dr, Riverton, WY 82501","3055 Oakwood Dr, Riverton, WY 82501",accepted,
ACME-01044,AAAAAAAAAAAAAAAAAAAAAAAAAAAAAAAAAAAAAAAAAAAAAAAAAAAAAAAAAAAAAAAAAAAAAAAAAAAAAAAAAAAAAAAAAAAAAAAAAAAAAAAAAAAAAAAAAAAAAAAAAAAAAAAAAAAAAAAAAAAAAAAAAAAAAAAAAAAAAAAAAAAAAAAAAAAAAAAAAAAAAAAAAAAAAAAAAAAAAAAA,,1972-07-24,1972-07-24,+1-944-848-7192,+1-944-848-7192,"3320 Birch Rd, Westwood, MA 02445","3320 Birch Rd, Westwood, MA 02445",accepted,
ACME-00622,Sora Jensen,Sora Jensen,1981-05-26,1981-05-26,+1-659-723-2002,+1-659-723-2002,"451 Willow Ct, Westwood, MA 02445","451 Willow Ct, Westwood, MA 02445",accepted,
ACME-00307,Joon Eze,Joon Eze,1970-06-03,1970-06-03,+1-872-759-7920,+1-872-759-7920,"528 Willow Ct, Fairview, TX 75001","528 Willow Ct, Fairview, TX 75001",accepted,
ACME-00847,Ana Klein,Ana Klein,1953-12-23,1953-12-23,+1-447-804-6846,+1-447-804-6846,"8726 Maple Ave, Lakeshore, MN 55401","8726 Maple Ave, Lakeshore, MN 55401",accepted,
ACME-00296,Daria Müller,Daria Müller,1942-03-18,1942-03-18,+1-423-418-3502,+1-423-418-3502,"5155 Willow Ct, Riverton, WY 82501","5155 Willow Ct, Riverton, WY 82501",accepted,
ACME-00105,Viktor Jensen,Viktor Jensen,1948-04-02,1948-04-02,+1-730-529-7635,+1-730-529-7635,"8845 Elm Way, Fairview, TX 75001","8845 Elm Way, Fairview, TX 75001",accepted,
ACME-00985,Tariq Castellanos,Tariq Castellanos,1943-06-14,1943-06-14,+1-920-950-1047,+1-920-950-1047,"3549 Birch Rd, Riverton, WY 82501","3549 Birch Rd, Riverton, WY 82501",accepted,
ACME-01162,Uma O'Brien,Uma O'Brien,1964-05-20,1964-05-20,abc-def-ghij,,"9658 Willow Ct, Brookhaven, GA 30303","9658 Willow Ct, Brookhaven, GA 30303",accepted,
ACME-00056,Oren Tanaka,Oren Tanaka,1957-03-11,1957-03-11,+1-210-717-6117,+1-210-717-6117,"3713 Elm Way, Lakeshore, MN 55401","3713 Elm Way, Lakeshore, MN 55401",accepted,
ACME-00567,Sora O'Brien,Sora O'Brien,1962-03-13,1962-03-13,+1-285-324-2838,+1-285-324-2838,"5412 Pine Hollow, Brookhaven, GA 30303","5412 Pine Hollow, Brookhaven, GA 30303",accepted,
ACME-00606,Uma Dvořák,Uma Dvořák,1942-05-08,1942-05-08,+1-417-473-7088,+1-417-473-7088,"1739 Birch Rd, Lakeshore, MN 55401","1739 Birch Rd, Lakeshore, MN 55401",accepted,
ACME-00138,Ife Wójcik,Ife Wójcik,1969-01-15,1969-01-15,+1-685-963-2013,+1-685-963-2013,"7452 Sequoia Pl, Riverton, WY 82501","7452 Sequoia Pl, Riverton, WY 82501",accepted,
ACME-00224,Tariq Zúbková,Tariq Zúbková,1979-05-19,1979-05-19,+1-232-884-6816,+1-232-884-6816,"5659 Birch Rd, Fairview, TX 75001","5659 Birch Rd, Fairview, TX 75001",accepted,
ACME-00485,Xiomara Jensen,Xiomara Jensen,1958-05-24,1958-05-24,+1-683-558-4948,+1-683-558-4948,"5407 Pine Hollow, Brookhaven, GA 30303","5407 Pine Hollow, Brookhaven, GA 30303",accepted,
ACME-00086,Yara Dvořák,Yara Dvořák,1992-06-05,1992-06-05,+1-879-858-7319,+1-879-858-7319,"6591 Elm Way, Greendale, CA 94027","6591 Elm Way, Greendale, CA 94027",accepted,
ACME-00268,Yara Yamamoto,Yara Yamamoto,1955-09-17,1955-09-17,+1-430-729-8033,+1-430-729-8033,"4374 Pine Hollow, Westwood, MA 02445","4374 Pine Hollow, Westwood, MA 02445",accepted,
ACME-00189,Yara Sato,Yara Sato,1999-03-04,1999-03-04,+1-305-300-7238,+1-305-300-7238,"7096 Sequoia Pl, Brookhaven, GA 30303","7096 Sequoia Pl, Brookhaven, GA 30303",accepted,
ACME-00779,Bao Müller,Bao Müller,1998-01-03,1998-01-03,+1-669-892-7831,+1-669-892-7831,"4417 Birch Rd, Greendale, CA 94027","4417 Birch Rd, Greendale, CA 94027",accepted,
ACME-01194,AAAAAAAAAAAAAAAAAAAAAAAAAAAAAAAAAAAAAAAAAAAAAAAAAAAAAAAAAAAAAAAAAAAAAAAAAAAAAAAAAAAAAAAAAAAAAAAAAAAAAAAAAAAAAAAAAAAAAAAAAAAAAAAAAAAAAAAAAAAAAAAAAAAAAAAAAAAAAAAAAAAAAAAAAAAAAAAAAAAAAAAAAAAAAAAAAAAAAAAA,,1966-09-28,1966-09-28,+1-201-415-9429,+1-201-415-9429,"9560 Cedar St, Riverton, WY 82501","9560 Cedar St, Riverton, WY 82501",accepted,
ACME-00057,Zane Xu,Zane Xu,2003-03-15,2003-03-15,+1-925-650-8935,+1-925-650-8935,"4189 Pine Hollow, Westwood, MA 02445","4189 Pine Hollow, Westwood, MA 02445",accepted,
ACME-00353,Zane Quist,Zane Quist,1965-01-07,1965-01-07,+1-860-749-2967,+1-860-749-2967,"6838 Maple Ave, Fairview, TX 75001","6838 Maple Ave, Fairview, TX 75001",accepted,
ACME-00040,Priya Tanaka,Priya Tanaka,1970-01-13,1970-01-13,+1-650-807-9567,+1-650-807-9567,"1756 Willow Ct, Lakeshore, MN 55401","1756 Willow Ct, Lakeshore, MN 55401",accepted,
ACME-00146,Xiomara Zúbková,Xiomara Zúbková,1957-05-15,1957-05-15,+1-747-910-5072,+1-747-910-5072,"6339 Oakwood Dr, Greendale, CA 94027","6339 Oakwood Dr, Greendale, CA 94027",accepted,
ACME-00176,Viktor Jensen,Viktor Jensen,1974-03-06,1974-03-06,+1-710-711-4427,+1-710-711-4427,"5021 Pine Hollow, Eastgate, OH 45202","5021 Pine Hollow, Eastgate, OH 45202",accepted,
ACME-00470,Yara Brennan,Yara Brennan,1988-07-27,1988-07-27,+1-879-444-5678,+1-879-444-5678,"6371 Pine Hollow, Springfield, IL 62701","6371 Pine Hollow, Springfield, IL 62701",accepted,
ACME-00442,Uma Ivanova,Uma Ivanova,1982-01-27,1982-01-27,+1-728-555-6230,+1-728-555-6230,"7701 Pine Hollow, Eastgate, OH 45202","7701 Pine Hollow, Eastgate, OH 45202",accepted,
ACME-01155,,,1961-09-04,1961-09-04,+1-919-782-6995,+1-919-782-6995,"8458 Willow Ct, Springfield, IL 62701","8458 Willow Ct, Springfield, IL 62701",accepted,
ACME-00021,Priya Dvořák,Priya Dvořák,1949-05-09,1949-05-09,+1-517-283-3937,+1-517-283-3937,"3190 Maple Ave, Springfield, IL 62701","3190 Maple Ave, Springfield, IL 62701",accepted,
ACME-00041,Tariq Jensen,Tariq Jensen,1984-08-05,1984-08-05,+1-619-810-7135,+1-619-810-7135,"6876 Birch Rd, Springfield, IL 62701","6876 Birch Rd, Springfield, IL 62701",accepted,
ACME-00902,Ife Ivanova,Ife Ivanova,2004-08-01,2004-08-01,+1-346-278-9737,+1-346-278-9737,"881 Cedar St, Westwood, MA 02445","881 Cedar St, Westwood, MA 02445",accepted,
ACME-00463,Quentin Hassan,Quentin Hassan,1994-11-11,1994-11-11,+1-360-753-2015,+1-360-753-2015,"1251 Pine Hollow, Greendale, CA 94027","1251 Pine Hollow, Greendale, CA 94027",accepted,
ACME-00167,Ravi O'Brien,Ravi O'Brien,1988-01-10,1988-01-10,+1-293-327-7507,+1-293-327-7507,"3744 Pine Hollow, Springfield, IL 62701","3744 Pine Hollow, Springfield, IL 62701",accepted,
ACME-00031,Gita Greco,Gita Greco,1957-03-23,1957-03-23,+1-295-651-5936,+1-295-651-5936,"8251 Juniper Ln, Brookhaven, GA 30303","8251 Juniper Ln, Brookhaven, GA 30303",accepted,
ACME-01142,Viktor Greco,Viktor Greco,1985-01-26,1985-01-26,abc-def-ghij,,"1749 Maple Ave, Springfield, IL 62701","1749 Maple Ave, Springfield, IL 62701",accepted,
ACME-00124,Ife Hassan,Ife Hassan,1942-04-21,1942-04-21,+1-779-338-5339,+1-779-338-5339,"1818 Cedar St, Springfield, IL 62701","1818 Cedar St, Springfield, IL 62701",accepted,
ACME-00240,Ravi Vasquez,Ravi Vasquez,1962-08-11,1962-08-11,+1-555-787-8554,+1-555-787-8554,"9613 Birch Rd, Westwood, MA 02445","9613 Birch Rd, Westwood, MA 02445",accepted,
ACME-00934,Uma Müller,Uma Müller,1992-11-24,1992-11-24,+1-466-822-9085,+1-466-822-9085,"2714 Sequoia Pl, Greendale, CA 94027","2714 Sequoia Pl, Greendale, CA 94027",accepted,
ACME-00568,Oren Eze,Oren Eze,1992-05-05,1992-05-05,+1-614-594-2769,+1-614-594-2769,"3117 Sequoia Pl, Springfield, IL 62701","3117 Sequoia Pl, Springfield, IL 62701",accepted,
ACME-00897,Hiro Almeida,Hiro Almeida,1951-03-15,1951-03-15,+1-269-410-1744,+1-269-410-1744,"7316 Pine Hollow, Westwood, MA 02445","7316 Pine Hollow, Westwood, MA 02445",accepted,
ACME-00458,Caleb Greco,Caleb Greco,1949-12-16,1949-12-16,+1-766-641-7731,+1-766-641-7731,"2978 Sequoia Pl, Riverton, WY 82501","2978 Sequoia Pl, Riverton, WY 82501",accepted,
ACME-00928,Wei Nakamura,Wei Nakamura,1987-10-05,1987-10-05,+1-829-627-9780,+1-829-627-9780,"6823 Cedar St, Eastgate, OH 45202","6823 Cedar St, Eastgate, OH 45202",accepted,
ACME-00729,Oren Ivanova,Oren Ivanova,1967-01-25,1967-01-25,+1-299-488-7444,+1-299-488-7444,"2729 Cedar St, Riverton, WY 82501","2729 Cedar St, Riverton, WY 82501",accepted,
ACME-01001,Daria Liu,Daria Liu,,,+1-513-715-2245,+1-513-715-2245,"4041 Cedar St, Greendale, CA 94027","4041 Cedar St, Greendale, CA 94027",accepted,
ACME-00689,Zane Vasquez,Zane Vasquez,1960-09-20,1960-09-20,+1-951-454-3650,+1-951-454-3650,"6622 Cedar St, Springfield, IL 62701","6622 Cedar St, Springfield, IL 62701",accepted,
ACME-00735,Bao Klein,Bao Klein,2003-05-01,2003-05-01,+1-866-801-2880,+1-866-801-2880,"5765 Maple Ave, Riverton, WY 82501","5765 Maple Ave, Riverton, WY 82501",accepted,
ACME-01002,Caleb Vasquez,Caleb Vasquez,1988-09-18,1988-09-18,abc-def-ghij,,"9738 Sequoia Pl, Westwood, MA 02445","9738 Sequoia Pl, Westwood, MA 02445",accepted,
ACME-00733,Yara Rossi,Yara Rossi,1943-07-24,1943-07-24,+1-572-839-5330,+1-572-839-5330,"3704 Elm Way, Eastgate, OH 45202","3704 Elm Way, Eastgate, OH 45202",accepted,
ACME-00466,Ravi Brennan,Ravi Brennan,1993-09-23,1993-09-23,+1-763-242-6296,+1-763-242-6296,"3060 Elm Way, Riverton, WY 82501","3060 Elm Way, Riverton, WY 82501",accepted,
ACME-00612,Xiomara Eze,Xiomara Eze,1947-02-25,1947-02-25,+1-375-673-8276,+1-375-673-8276,"6291 Maple Ave, Fairview, TX 75001","6291 Maple Ave, Fairview, TX 75001",accepted,
ACME-00745,Tariq Ueda,Tariq Ueda,1955-09-23,1955-09-23,+1-314-810-3842,+1-314-810-3842,"3049 Elm Way, Springfield, IL 62701","3049 Elm Way, Springfield, IL 62701",accepted,
ACME-00373,Ana Yamamoto,Ana Yamamoto,1973-09-04,1973-09-04,+1-519-220-6897,+1-519-220-6897,"4811 Aspen Blvd, Brookhaven, GA 30303","4811 Aspen Blvd, Brookhaven, GA 30303",accepted,
ACME-00480,Tariq Ueda,Tariq Ueda,1942-04-25,1942-04-25,+1-849-319-7083,+1-849-319-7083,"1937 Juniper Ln, Eastgate, OH 45202","1937 Juniper Ln, Eastgate, OH 45202",accepted,
ACME-00333,Esma Müller,Esma Müller,1971-03-26,1971-03-26,+1-967-871-9628,+1-967-871-9628,"898 Pine Hollow, Riverton, WY 82501","898 Pine Hollow, Riverton, WY 82501",accepted,
ACME-01120,,,2005-11-20,2005-11-20,+1-987-514-5730,+1-987-514-5730,"4925 Oakwood Dr, Lakeshore, MN 55401","4925 Oakwood Dr, Lakeshore, MN 55401",accepted,
ACME-00879,Daria Sato,Daria Sato,1981-03-12,1981-03-12,+1-945-466-4093,+1-945-466-4093,"5349 Cedar St, Eastgate, OH 45202","5349 Cedar St, Eastgate, OH 45202",accepted,
ACME-01106,Ana Jensen,Ana Jensen,,,+1-793-293-4926,+1-793-293-4926,"863 Birch Rd, Fairview, TX 75001","863 Birch Rd, Fairview, TX 75001",accepted,
ACME-00597,Sora Xu,Sora Xu,1956-08-10,1956-08-10,+1-222-357-8232,+1-222-357-8232,"3419 Maple Ave, Lakeshore, MN 55401","3419 Maple Ave, Lakeshore, MN 55401",accepted,
ACME-00459,Daria Müller,Daria Müller,1975-01-12,1975-01-12,+1-450-374-5811,+1-450-374-5811,"4947 Willow Ct, Brookhaven, GA 30303","4947 Willow Ct, Brookhaven, GA 30303",accepted,
ACME-00891,Quentin Pereira,Quentin Pereira,1990-12-22,1990-12-22,+1-424-646-1926,+1-424-646-1926,"8961 Cedar St, Greendale, CA 94027","8961 Cedar St, Greendale, CA 94027",accepted,
ACME-00341,Caleb Ivanova,Caleb Ivanova,1958-06-19,1958-06-19,+1-989-607-1979,+1-989-607-1979,"4311 Sequoia Pl, Brookhaven, GA 30303","4311 Sequoia Pl, Brookhaven, GA 30303",accepted,
ACME-00183,Caleb Greco,Caleb Greco,1977-01-11,1977-01-11,+1-557-811-8699,+1-557-811-8699,"2963 Maple Ave, Lakeshore, MN 55401","2963 Maple Ave, Lakeshore, MN 55401",accepted,
ACME-00914,Bao Jensen,Bao Jensen,1940-02-09,1940-02-09,+1-612-902-8456,+1-612-902-8456,"3871 Maple Ave, Riverton, WY 82501","3871 Maple Ave, Riverton, WY 82501",accepted,
ACME-01095,,,1987-12-07,1987-12-07,+1-567-218-4874,+1-567-218-4874,"8670 Elm Way, Springfield, IL 62701","8670 Elm Way, Springfield, IL 62701",accepted,
ACME-01184,AAAAAAAAAAAAAAAAAAAAAAAAAAAAAAAAAAAAAAAAAAAAAAAAAAAAAAAAAAAAAAAAAAAAAAAAAAAAAAAAAAAAAAAAAAAAAAAAAAAAAAAAAAAAAAAAAAAAAAAAAAAAAAAAAAAAAAAAAAAAAAAAAAAAAAAAAAAAAAAAAAAAAAAAAAAAAAAAAAAAAAAAAAAAAAAAAAAAAAAA,,1997-03-21,1997-03-21,+1-745-970-9585,+1-745-970-9585,"5621 Juniper Ln, Eastgate, OH 45202","5621 Juniper Ln, Eastgate, OH 45202",accepted,
ACME-00306,Viktor Quist,Viktor Quist,1957-01-22,1957-01-22,+1-267-844-6904,+1-267-844-6904,"9960 Willow Ct, Brookhaven, GA 30303","9960 Willow Ct, Brookhaven, GA 30303",accepted,
ACME-00939,Sora Müller,Sora Müller,1942-12-01,1942-12-01,+1-982-702-9479,+1-982-702-9479,"6555 Maple Ave, Fairview, TX 75001","6555 Maple Ave, Fairview, TX 75001",accepted,
ACME-00347,Priya O'Brien,Priya O'Brien,1976-05-18,1976-05-18,+1-577-275-7522,+1-577-275-7522,"2294 Sequoia Pl, Lakeshore, MN 55401","2294 Sequoia Pl, Lakeshore, MN 55401",accepted,
ACME-00899,Lior Sato,Lior Sato,1960-02-02,1960-02-02,+1-771-307-3767,+1-771-307-3767,"7017 Sequoia Pl, Greendale, CA 94027","7017 Sequoia Pl, Greendale, CA 94027",accepted,
ACME-00349,Farid Brennan,Farid Brennan,2002-06-27,2002-06-27,+1-869-572-8251,+1-869-572-8251,"8960 Willow Ct, Springfield, IL 62701","8960 Willow Ct, Springfield, IL 62701",accepted,
ACME-00822,Hiro Dvořák,Hiro Dvořák,1952-07-24,1952-07-24,+1-916-966-9872,+1-916-966-9872,"8673 Sequoia Pl, Springfield, IL 62701","8673 Sequoia Pl, Springfield, IL 62701",accepted,
ACME-00344,Joon Tanaka,Joon Tanaka,1958-01-26,1958-01-26,+1-403-209-6911,+1-403-209-6911,"6828 Oakwood Dr, Fairview, TX 75001","6828 Oakwood Dr, Fairview, TX 75001",accepted,
ACME-00820,Ana Eze,Ana Eze,1976-04-01,1976-04-01,+1-390-802-5430,+1-390-802-5430,"8511 Maple Ave, Lakeshore, MN 55401","8511 Maple Ave, Lakeshore, MN 55401",accepted,
ACME-00357,Ana Klein,Ana Klein,1949-05-15,1949-05-15,+1-767-341-2130,+1-767-341-2130,"694 Juniper Ln, Westwood, MA 02445","694 Juniper Ln, Westwood, MA 02445",accepted,
ACME-00486,Zane Ueda,Zane Ueda,1943-12-18,1943-12-18,+1-760-880-2110,+1-760-880-2110,"9500 Elm Way, Greendale, CA 94027","9500 Elm Way, Greendale, CA 94027",accepted,
ACME-00959,Priya Pereira,Priya Pereira,1957-07-11,1957-07-11,+1-417-830-5638,+1-417-830-5638,"2406 Juniper Ln, Eastgate, OH 45202","2406 Juniper Ln, Eastgate, OH 45202",accepted,
ACME-00030,Viktor Klein,Viktor Klein,1974-03-27,1974-03-27,+1-654-295-8131,+1-654-295-8131,"894 Willow Ct, Riverton, WY 82501","894 Willow Ct, Riverton, WY 82501",accepted,
ACME-00950,Bao Almeida,Bao Almeida,1949-01-01,1949-01-01,+1-730-930-6359,+1-730-930-6359,"8829 Birch Rd, Westwood, MA 02445","8829 Birch Rd, Westwood, MA 02445",accepted,
ACME-00547,Nikos Nakamura,Nikos Nakamura,1951-09-13,1951-09-13,+1-789-398-7913,+1-789-398-7913,"9332 Sequoia Pl, Westwood, MA 02445","9332 Sequoia Pl, Westwood, MA 02445",accepted,
ACME-00479,Esma Jensen,Esma Jensen,1989-10-02,1989-10-02,+1-440-613-3123,+1-440-613-3123,"3000 Pine Hollow, Westwood, MA 02445","3000 Pine Hollow, Westwood, MA 02445",accepted,
ACME-00198,Tariq Wójcik,Tariq Wójcik,1989-08-25,1989-08-25,+1-400-520-7969,+1-400-520-7969,"9098 Juniper Ln, Fairview, TX 75001","9098 Juniper Ln, Fairview, TX 75001",accepted,
ACME-00332,Yara Jensen,Yara Jensen,1973-02-19,1973-02-19,+1-792-966-5673,+1-792-966-5673,"4611 Maple Ave, Springfield, IL 62701","4611 Maple Ave, Springfield, IL 62701",accepted,
ACME-00754,Mei Liu,Mei Liu,1956-10-03,1956-10-03,+1-782-474-7288,+1-782-474-7288,"1391 Sequoia Pl, Brookhaven, GA 30303","1391 Sequoia Pl, Brookhaven, GA 30303",accepted,
ACME-00767,Yara Dvořák,Yara Dvořák,1975-06-14,1975-06-14,+1-654-425-7237,+1-654-425-7237,"5142 Maple Ave, Springfield, IL 62701","5142 Maple Ave, Springfield, IL 62701",accepted,
ACME-00271,Ife Zúbková,Ife Zúbková,1961-03-10,1961-03-10,+1-578-612-1768,+1-578-612-1768,"2028 Sequoia Pl, Westwood, MA 02445","2028 Sequoia Pl, Westwood, MA 02445",accepted,
ACME-00615,Sora Nakamura,Sora Nakamura,1956-08-13,1956-08-13,+1-661-602-8862,+1-661-602-8862,"8355 Oakwood Dr, Springfield, IL 62701","8355 Oakwood Dr, Springfield, IL 62701",accepted,
ACME-00788,Wei Hassan,Wei Hassan,1994-07-28,1994-07-28,+1-542-843-1678,+1-542-843-1678,"2818 Willow Ct, Westwood, MA 02445","2818 Willow Ct, Westwood, MA 02445",accepted,
ACME-00981,Xiomara Ueda,Xiomara Ueda,1990-11-21,1990-11-21,+1-883-484-1772,+1-883-484-1772,"882 Aspen Blvd, Springfield, IL 62701","882 Aspen Blvd, Springfield, IL 62701",accepted,
ACME-00500,Esma Dvořák,Esma Dvořák,2003-04-23,2003-04-23,+1-639-792-3008,+1-639-792-3008,"3264 Aspen Blvd, Lakeshore, MN 55401","3264 Aspen Blvd, Lakeshore, MN 55401",accepted,
ACME-00645,Joon Fernández,Joon Fernández,1960-03-27,1960-03-27,+1-729-783-9254,+1-729-783-9254,"4161 Elm Way, Lakeshore, MN 55401","4161 Elm Way, Lakeshore, MN 55401",accepted,
ACME-00228,Priya Quist,Priya Quist,1976-11-15,1976-11-15,+1-204-560-6665,+1-204-560-6665,"3490 Elm Way, Eastgate, OH 45202","3490 Elm Way, Eastgate, OH 45202",accepted,
ACME-00821,Tariq Klein,Tariq Klein,1956-03-13,1956-03-13,+1-878-231-2540,+1-878-231-2540,"510 Aspen Blvd, Riverton, WY 82501","510 Aspen Blvd, Riverton, WY 82501",accepted,
ACME-00753,Lior Xu,Lior Xu,1976-03-16,1976-03-16,+1-972-659-9788,+1-972-659-9788,"5425 Cedar St, Brookhaven, GA 30303","5425 Cedar St, Brookhaven, GA 30303",accepted,
ACME-00256,Uma Liu,Uma Liu,1973-11-02,1973-11-02,+1-292-592-2331,+1-292-592-2331,"8866 Elm Way, Westwood, MA 02445","8866 Elm Way, Westwood, MA 02445",accepted,
ACME-00244,Gita Eze,Gita Eze,1969-08-25,1969-08-25,+1-790-693-5841,+1-790-693-5841,"994 Sequoia Pl, Springfield, IL 62701","994 Sequoia Pl, Springfield, IL 62701",accepted,
ACME-01016,Bao Vasquez,Bao Vasquez,,,+1-319-347-3099,+1-319-347-3099,"4178 Sequoia Pl, Lakeshore, MN 55401","4178 Sequoia Pl, Lakeshore, MN 55401",accepted,
ACME-00509,Uma Tanaka,Uma Tanaka,2001-10-21,2001-10-21,+1-879-729-7545,+1-879-729-7545,"3151 Juniper Ln, Fairview, TX 75001","3151 Juniper Ln, Fairview, TX 75001",accepted,
ACME-00875,Kira Brennan,Kira Brennan,2000-01-25,2000-01-25,+1-558-376-7444,+1-558-376-7444,"6173 Birch Rd, Fairview, TX 75001","6173 Birch Rd, Fairview, TX 75001",accepted,
ACME-00422,Nikos Dvořák,Nikos Dvořák,1997-10-15,1997-10-15,+1-979-575-1419,+1-979-575-1419,"7362 Elm Way, Fairview, TX 75001","7362 Elm Way, Fairview, TX 75001",accepted,
ACME-00626,Uma Brennan,Uma Brennan,1960-08-08,1960-08-08,+1-580-588-4010,+1-580-588-4010,"3301 Willow Ct, Springfield, IL 62701","3301 Willow Ct, Springfield, IL 62701",accepted,
ACME-00278,Wei Castellanos,Wei Castellanos,1993-12-25,1993-12-25,+1-441-571-1486,+1-441-571-1486,"3106 Oakwood Dr, Brookhaven, GA 30303","3106 Oakwood Dr, Brookhaven, GA 30303",accepted,
ACME-00383,Sora Ueda,Sora Ueda,1971-12-11,1971-12-11,+1-831-474-5316,+1-831-474-5316,"7008 Birch Rd, Westwood, MA 02445","7008 Birch Rd, Westwood, MA 02445",accepted,
ACME-01012,Kira Xu,Kira Xu,1954-09-15,1954-09-15,abc-def-ghij,,"83 Pine Hollow, Brookhaven, GA 30303","83 Pine Hollow, Brookhaven, GA 30303",accepted,
ACME-00813,Farid Vasquez,Farid Vasquez,1943-06-15,1943-06-15,+1-965-609-4847,+1-965-609-4847,"1766 Juniper Ln, Brookhaven, GA 30303","1766 Juniper Ln, Brookhaven, GA 30303",accepted,
ACME-00103,Gita Xu,Gita Xu,1953-06-07,1953-06-07,+1-323-565-3516,+1-323-565-3516,"5807 Birch Rd, Fairview, TX 75001","5807 Birch Rd, Fairview, TX 75001",accepted,
ACME-00596,Viktor Müller,Viktor Müller,1998-03-07,1998-03-07,+1-621-433-7674,+1-621-433-7674,"3457 Aspen Blvd, Brookhaven, GA 30303","3457 Aspen Blvd, Brookhaven, GA 30303",accepted,
ACME-00435,Bao Nakamura,Bao Nakamura,1976-04-12,1976-04-12,+1-947-769-7666,+1-947-769-7666,"33 Sequoia Pl, Fairview, TX 75001","33 Sequoia Pl, Fairview, TX 75001",accepted,
ACME-00708,Ana Fernández,Ana Fernández,1960-07-05,1960-07-05,+1-885-314-9576,+1-885-314-9576,"3981 Aspen Blvd, Springfield, IL 62701","3981 Aspen Blvd, Springfield, IL 62701",accepted,
ACME-00415,Zane Ivanova,Zane Ivanova,1979-06-20,1979-06-20,+1-867-351-3076,+1-867-351-3076,"2001 Juniper Ln, Springfield, IL 62701","2001 Juniper Ln, Springfield, IL 62701",accepted,
ACME-01114,AAAAAAAAAAAAAAAAAAAAAAAAAAAAAAAAAAAAAAAAAAAAAAAAAAAAAAAAAAAAAAAAAAAAAAAAAAAAAAAAAAAAAAAAAAAAAAAAAAAAAAAAAAAAAAAAAAAAAAAAAAAAAAAAAAAAAAAAAAAAAAAAAAAAAAAAAAAAAAAAAAAAAAAAAAAAAAAAAAAAAAAAAAAAAAAAAAAAAAAA,,1991-01-11,1991-01-11,+1-503-918-1571,+1-503-918-1571,"3631 Birch Rd, Riverton, WY 82501","3631 Birch Rd, Riverton, WY 82501",accepted,
ACME-01088,Müller Wójcik,Müller Wójcik,1975-09-10,1975-09-10,+1-860-767-1817,+1-860-767-1817,"8272 Maple Ave, Eastgate, OH 45202","8272 Maple Ave, Eastgate, OH 45202",accepted,
ACME-00563,Esma Xu,Esma Xu,2004-01-24,2004-01-24,+1-625-549-8114,+1-625-549-8114,"1711 Cedar St, Springfield, IL 62701","1711 Cedar St, Springfield, IL 62701",accepted,
ACME-00397,Xiomara Quist,Xiomara Quist,1989-09-10,1989-09-10,+1-619-356-5380,+1-619-356-5380,"3532 Maple Ave, Springfield, IL 62701","3532 Maple Ave, Springfield, IL 62701",accepted,
ACME-00751,Tariq Liu,Tariq Liu,1964-10-24,1964-10-24,+1-540-203-6987,+1-540-203-6987,"6884 Aspen Blvd, Greendale, CA 94027","6884 Aspen Blvd, Greendale, CA 94027",accepted,
ACME-00533,Uma Almeida,Uma Almeida,1945-01-17,1945-01-17,+1-448-795-3663,+1-448-795-3663,"3821 Elm Way, Brookhaven, GA 30303","3821 Elm Way, Brookhaven, GA 30303",accepted,
ACME-00160,Yara Ueda,Yara Ueda,1947-01-03,1947-01-03,+1-231-488-4524,+1-231-488-4524,"9563 Oakwood Dr, Fairview, TX 75001","9563 Oakwood Dr, Fairview, TX 75001",accepted,
ACME-00362,Uma Yamamoto,Uma Yamamoto,2000-12-03,2000-12-03,+1-574-830-2736,+1-574-830-2736,"1349 Maple Ave, Fairview, TX 75001","1349 Maple Ave, Fairview, TX 75001",accepted,
ACME-00181,Ravi Rossi,Ravi Rossi,1981-03-19,1981-03-19,+1-857-334-1993,+1-857-334-1993,"5582 Juniper Ln, Riverton, WY 82501","5582 Juniper Ln, Riverton, WY 82501",accepted,
ACME-00760,Kira Pereira,Kira Pereira,1997-01-05,1997-01-05,+1-889-640-9977,+1-889-640-9977,"1515 Elm Way, Fairview, TX 75001","1515 Elm Way, Fairview, TX 75001",accepted,
ACME-00197,Yara Sato,Yara Sato,1981-08-16,1981-08-16,+1-547-634-9072,+1-547-634-9072,"4117 Sequoia Pl, Riverton, WY 82501","4117 Sequoia Pl, Riverton, WY 82501",accepted,
ACME-00987,Gita Tanaka,Gita Tanaka,1962-12-16,1962-12-16,+1-907-682-2011,+1-907-682-2011,"7361 Cedar St, Riverton, WY 82501","7361 Cedar St, Riverton, WY 82501",accepted,
ACME-00013,Gita Yamamoto,Gita Yamamoto,1983-01-28,1983-01-28,+1-777-417-2730,+1-777-417-2730,"4338 Birch Rd, Greendale, CA 94027","4338 Birch Rd, Greendale, CA 94027",accepted,
ACME-01013,Müller Wójcik,Müller Wójcik,1981-10-26,1981-10-26,+1-412-540-1878,+1-412-540-1878,"3533 Birch Rd, Lakeshore, MN 55401","3533 Birch Rd, Lakeshore, MN 55401",accepted,
ACME-00385,Yara Sato,Yara Sato,1944-02-26,1944-02-26,+1-377-830-1353,+1-377-830-1353,"7613 Elm Way, Fairview, TX 75001","7613 Elm Way, Fairview, TX 75001",accepted,
ACME-00994,Viktor Müller,Viktor Müller,2005-01-18,2005-01-18,+1-867-364-4224,+1-867-364-4224,"3648 Cedar St, Lakeshore, MN 55401","3648 Cedar St, Lakeshore, MN 55401",accepted,
ACME-01071,Sora Jensen,Sora Jensen,,,+1-875-592-4930,+1-875-592-4930,"6399 Elm Way, Springfield, IL 62701","6399 Elm Way, Springfield, IL 62701",accepted,
ACME-00968,Quentin Ivanova,Quentin Ivanova,1991-12-28,1991-12-28,+1-692-457-7342,+1-692-457-7342,"5409 Cedar St, Riverton, WY 82501","5409 Cedar St, Riverton, WY 82501",accepted,
ACME-00707,Uma Dvořák,Uma Dvořák,1988-07-22,1988-07-22,+1-893-460-8693,+1-893-460-8693,"8135 Pine Hollow, Lakeshore, MN 55401","8135 Pine Hollow, Lakeshore, MN 55401",accepted,
ACME-01107,Viktor Hassan,Viktor Hassan,1963-11-19,1963-11-19,abc-def-ghij,,"4949 Elm Way, Springfield, IL 62701","4949 Elm Way, Springfield, IL 62701",accepted,
ACME-00342,Ravi Wójcik,Ravi Wójcik,1950-01-21,1950-01-21,+1-637-830-3401,+1-637-830-3401,"5039 Aspen Blvd, Lakeshore, MN 55401","5039 Aspen Blvd, Lakeshore, MN 55401",accepted,
ACME-00255,Quentin Liu,Quentin Liu,1954-02-15,1954-02-15,+1-708-318-8573,+1-708-318-8573,"9738 Cedar St, Springfield, IL 62701","9738 Cedar St, Springfield, IL 62701",accepted,
ACME-00814,Farid Vasquez,Farid Vasquez,1990-01-12,1990-01-12,+1-886-551-6144,+1-886-551-6144,"4228 Pine Hollow, Springfield, IL 62701","4228 Pine Hollow, Springfield, IL 62701",accepted,
ACME-00226,Caleb Hassan,Caleb Hassan,1982-03-15,1982-03-15,+1-236-631-6942,+1-236-631-6942,"8731 Willow Ct, Eastgate, OH 45202","8731 Willow Ct, Eastgate, OH 45202",accepted,
ACME-00098,Zane Hassan,Zane Hassan,1956-03-04,1956-03-04,+1-618-328-9316,+1-618-328-9316,"5326 Elm Way, Greendale, CA 94027","5326 Elm Way, Greendale, CA 94027",accepted,
ACME-00594,Viktor Nakamura,Viktor Nakamura,1980-07-07,1980-07-07,+1-577-944-7303,+1-577-944-7303,"1391 Maple Ave, Westwood, MA 02445","1391 Maple Ave, Westwood, MA 02445",accepted,
ACME-00282,Ravi Sato,Ravi Sato,1946-06-03,1946-06-03,+1-754-807-7332,+1-754-807-7332,"3464 Willow Ct, Greendale, CA 94027","3464 Willow Ct, Greendale, CA 94027",accepted,
ACME-01087,Viktor Castellanos,Viktor Castellanos,1966-02-12,1966-02-12,abc-def-ghij,,"4262 Pine Hollow, Riverton, WY 82501","4262 Pine Hollow, Riverton, WY 82501",accepted,
ACME-00492,Priya Liu,Priya Liu,1947-05-22,1947-05-22,+1-518-524-9846,+1-518-524-9846,"9502 Pine Hollow, Springfield, IL 62701","9502 Pine Hollow, Springfield, IL 62701",accepted,
ACME-00220,Priya Tanaka,Priya Tanaka,1954-10-23,1954-10-23,+1-304-256-6421,+1-304-256-6421,"4543 Oakwood Dr, Riverton, WY 82501","4543 Oakwood Dr, Riverton, WY 82501",accepted,
ACME-00998,Uma Xu,Uma Xu,1983-04-02,1983-04-02,+1-499-563-7485,+1-499-563-7485,"588 Pine Hollow, Lakeshore, MN 55401","588 Pine Hollow, Lakeshore, MN 55401",accepted,
ACME-00974,Tariq Ivanova,Tariq Ivanova,2001-02-23,2001-02-23,+1-893-884-4350,+1-893-884-4350,"3339 Oakwood Dr, Fairview, TX 75001","3339 Oakwood Dr, Fairview, TX 75001",accepted,
ACME-00929,Xiomara Castellanos,Xiomara Castellanos,1940-12-08,1940-12-08,+1-784-959-4088,+1-784-959-4088,"8169 Sequoia Pl, Springfield, IL 62701","8169 Sequoia Pl, Springfield, IL 62701",accepted,
ACME-00993,Sora Dvořák,Sora Dvořák,1947-05-23,1947-05-23,+1-600-236-2712,+1-600-236-2712,"2046 Aspen Blvd, Fairview, TX 75001","2046 Aspen Blvd, Fairview, TX 75001",accepted,
ACME-00553,Joon Brennan,Joon Brennan,1943-01-11,1943-01-11,+1-207-699-9290,+1-207-699-9290,"7922 Pine Hollow, Lakeshore, MN 55401","7922 Pine Hollow, Lakeshore, MN 55401",accepted,
ACME-00354,Wei Yamamoto,Wei Yamamoto,1967-06-23,1967-06-23,+1-889-642-5949,+1-889-642-5949,"3698 Maple Ave, Fairview, TX 75001","3698 Maple Ave, Fairview, TX 75001",accepted,
ACME-00043,Wei Tanaka,Wei Tanaka,1999-04-12,1999-04-12,+1-831-493-5396,+1-831-493-5396,"1176 Sequoia Pl, Riverton, WY 82501","1176 Sequoia Pl, Riverton, WY 82501",accepted,
ACME-00877,Sora Castellanos,Sora Castellanos,1941-11-02,1941-11-02,+1-496-947-6379,+1-496-947-6379,"7902 Elm Way, Riverton, WY 82501","7902 Elm Way, Riverton, WY 82501",accepted,
ACME-00392,Gita Müller,Gita Müller,1965-07-09,1965-07-09,+1-832-679-4400,+1-832-679-4400,"4483 Juniper Ln, Eastgate, OH 45202","4483 Juniper Ln, Eastgate, OH 45202",accepted,
ACME-00723,Xiomara Castellanos,Xiomara Castellanos,2000-09-12,2000-09-12,+1-306-497-6127,+1-306-497-6127,"1161 Maple Ave, Springfield, IL 62701","1161 Maple Ave, Springfield, IL 62701",accepted,
ACME-00667,Yara Jensen,Yara Jensen,1962-07-25,1962-07-25,+1-610-208-7357,+1-610-208-7357,"273 Pine Hollow, Riverton, WY 82501","273 Pine Hollow, Riverton, WY 82501",accepted,
ACME-01094,AAAAAAAAAAAAAAAAAAAAAAAAAAAAAAAAAAAAAAAAAAAAAAAAAAAAAAAAAAAAAAAAAAAAAAAAAAAAAAAAAAAAAAAAAAAAAAAAAAAAAAAAAAAAAAAAAAAAAAAAAAAAAAAAAAAAAAAAAAAAAAAAAAAAAAAAAAAAAAAAAAAAAAAAAAAAAAAAAAAAAAAAAAAAAAAAAAAAAAAA,,1963-03-28,1963-03-28,+1-562-320-1956,+1-562-320-1956,"9634 Pine Hollow, Fairview, TX 75001","9634 Pine Hollow, Fairview, TX 75001",accepted,
ACME-01168,Müller Wójcik,Müller Wójcik,1950-09-24,1950-09-24,+1-438-363-5287,+1-438-363-5287,"4232 Juniper Ln, Greendale, CA 94027","4232 Juniper Ln, Greendale, CA 94027",accepted,
ACME-00600,Oren Ueda,Oren Ueda,1971-07-14,1971-07-14,+1-525-936-7289,+1-525-936-7289,"9675 Birch Rd, Riverton, WY 82501","9675 Birch Rd, Riverton, WY 82501",accepted,
ACME-00156,Caleb Sato,Caleb Sato,1950-07-09,1950-07-09,+1-826-834-2365,+1-826-834-2365,"183 Sequoia Pl, Eastgate, OH 45202","183 Sequoia Pl, Eastgate, OH 45202",accepted,
ACME-00506,Hiro Vasquez,Hiro Vasquez,1965-07-19,1965-07-19,+1-689-214-1243,+1-689-214-1243,"2826 Cedar St, Greendale, CA 94027","2826 Cedar St, Greendale, CA 94027",accepted,
ACME-00408,Mei Quist,Mei Quist,1945-11-11,1945-11-11,+1-774-756-1346,+1-774-756-1346,"96 Maple Ave, Riverton, WY 82501","96 Maple Ave, Riverton, WY 82501",accepted,
ACME-00498,Nikos Rossi,Nikos Rossi,1952-01-14,1952-01-14,+1-446-277-8485,+1-446-277-8485,"9812 Aspen Blvd, Springfield, IL 62701","9812 Aspen Blvd, Springfield, IL 62701",accepted,
ACME-00841,Uma Brennan,Uma Brennan,1984-12-15,1984-12-15,+1-824-366-7628,+1-824-366-7628,"1564 Sequoia Pl, Brookhaven, GA 30303","1564 Sequoia Pl, Brookhaven, GA 30303",accepted,
ACME-00837,Nikos Tanaka,Nikos Tanaka,1955-10-09,1955-10-09,+1-551-959-5522,+1-551-959-5522,"2041 Maple Ave, Lakeshore, MN 55401","2041 Maple Ave, Lakeshore, MN 55401",accepted,
ACME-00607,Daria Ueda,Daria Ueda,1985-10-04,1985-10-04,+1-352-396-4229,+1-352-396-4229,"1356 Willow Ct, Greendale, CA 94027","1356 Willow Ct, Greendale, CA 94027",accepted,
ACME-00066,Nikos Sato,Nikos Sato,1961-11-23,1961-11-23,+1-617-270-7279,+1-617-270-7279,"5186 Sequoia Pl, Greendale, CA 94027","5186 Sequoia Pl, Greendale, CA 94027",accepted,
ACME-00609,Ravi Nakamura,Ravi Nakamura,1951-03-22,1951-03-22,+1-523-202-5313,+1-523-202-5313,"2436 Oakwood Dr, Lakeshore, MN 55401","2436 Oakwood Dr, Lakeshore, MN 55401",accepted,
ACME-01156,Kira Liu,Kira Liu,,,+1-705-415-9022,+1-705-415-9022,"909 Sequoia Pl, Brookhaven, GA 30303","909 Sequoia Pl, Brookhaven, GA 30303",accepted,
ACME-00280,Nikos Yamamoto,Nikos Yamamoto,1968-10-26,1968-10-26,+1-400-377-2753,+1-400-377-2753,"1268 Oakwood Dr, Springfield, IL 62701","1268 Oakwood Dr, Springfield, IL 62701",accepted,
ACME-00409,Esma Brennan,Esma Brennan,1995-09-15,1995-09-15,+1-284-284-1200,+1-284-284-1200,"668 Pine Hollow, Springfield, IL 62701","668 Pine Hollow, Springfield, IL 62701",accepted,
ACME-00246,Ana Almeida,Ana Almeida,1948-09-20,1948-09-20,+1-786-689-6903,+1-786-689-6903,"7866 Willow Ct, Greendale, CA 94027","7866 Willow Ct, Greendale, CA 94027",accepted,
ACME-00621,Kira Fernández,Kira Fernández,1994-05-05,1994-05-05,+1-467-308-2865,+1-467-308-2865,"2391 Aspen Blvd, Eastgate, OH 45202","2391 Aspen Blvd, Eastgate, OH 45202",accepted,
ACME-00555,Caleb Greco,Caleb Greco,1973-06-28,1973-06-28,+1-845-826-9331,+1-845-826-9331,"8872 Willow Ct, Fairview, TX 75001","8872 Willow Ct, Fairview, TX 75001",accepted,
ACME-00670,Hiro Vasquez,Hiro Vasquez,1996-04-18,1996-04-18,+1-419-886-7226,+1-419-886-7226,"6902 Sequoia Pl, Riverton, WY 82501","6902 Sequoia Pl, Riverton, WY 82501",accepted,
ACME-00528,Xiomara Wójcik,Xiomara Wójcik,1943-12-18,1943-12-18,+1-707-881-1949,+1-707-881-1949,"7262 Sequoia Pl, Riverton, WY 82501","7262 Sequoia Pl, Riverton, WY 82501",accepted,
ACME-00447,Uma O'Brien,Uma O'Brien,1993-02-23,1993-02-23,+1-282-280-4568,+1-282-280-4568,"1570 Maple Ave, Brookhaven, GA 30303","1570 Maple Ave, Brookhaven, GA 30303",accepted,
ACME-01175,,,1966-05-27,1966-05-27,+1-202-867-7770,+1-202-867-7770,"2555 Juniper Ln, Westwood, MA 02445","2555 Juniper Ln, Westwood, MA 02445",accepted,
ACME-01181,Sora Eze,Sora Eze,,,+1-536-851-9067,+1-536-851-9067,"2489 Sequoia Pl, Lakeshore, MN 55401","2489 Sequoia Pl, Lakeshore, MN 55401",accepted,
ACME-01064,AAAAAAAAAAAAAAAAAAAAAAAAAAAAAAAAAAAAAAAAAAAAAAAAAAAAAAAAAAAAAAAAAAAAAAAAAAAAAAAAAAAAAAAAAAAAAAAAAAAAAAAAAAAAAAAAAAAAAAAAAAAAAAAAAAAAAAAAAAAAAAAAAAAAAAAAAAAAAAAAAAAAAAAAAAAAAAAAAAAAAAAAAAAAAAAAAAAAAAAA,,1984-07-20,1984-07-20,+1-822-641-9201,+1-822-641-9201,"4723 Elm Way, Brookhaven, GA 30303","4723 Elm Way, Brookhaven, GA 30303",accepted,
ACME-00625,Gita Ivanova,Gita Ivanova,1994-10-22,1994-10-22,+1-947-727-3332,+1-947-727-3332,"4728 Oakwood Dr, Riverton, WY 82501","4728 Oakwood Dr, Riverton, WY 82501",accepted,
ACME-00083,Xiomara Yamamoto,Xiomara Yamamoto,1963-11-24,1963-11-24,+1-505-841-5606,+1-505-841-5606,"7217 Birch Rd, Brookhaven, GA 30303","7217 Birch Rd, Brookhaven, GA 30303",accepted,
ACME-00741,Uma Greco,Uma Greco,2000-09-08,2000-09-08,+1-672-402-2462,+1-672-402-2462,"4105 Cedar St, Lakeshore, MN 55401","4105 Cedar St, Lakeshore, MN 55401",accepted,
ACME-00852,Ana Ueda,Ana Ueda,1976-01-17,1976-01-17,+1-625-574-5403,+1-625-574-5403,"5020 Pine Hollow, Fairview, TX 75001","5020 Pine Hollow, Fairview, TX 75001",accepted,
ACME-00570,Zane Klein,Zane Klein,1956-08-24,1956-08-24,+1-845-349-2587,+1-845-349-2587,"4561 Willow Ct, Springfield, IL 62701","4561 Willow Ct, Springfield, IL 62701",accepted,
ACME-00076,Bao O'Brien,Bao O'Brien,1987-12-23,1987-12-23,+1-641-629-4414,+1-641-629-4414,"4687 Maple Ave, Fairview, TX 75001","4687 Maple Ave, Fairview, TX 75001",accepted,
ACME-00937,Farid Nakamura,Farid Nakamura,1941-09-13,1941-09-13,+1-535-447-1129,+1-535-447-1129,"3425 Juniper Ln, Springfield, IL 62701","3425 Juniper Ln, Springfield, IL 62701",accepted,
ACME-00849,Tariq Müller,Tariq Müller,2003-09-22,2003-09-22,+1-836-841-6592,+1-836-841-6592,"1913 Maple Ave, Eastgate, OH 45202","1913 Maple Ave, Eastgate, OH 45202",accepted,
ACME-00904,Daria Nakamura,Daria Nakamura,1994-08-03,1994-08-03,+1-465-604-3809,+1-465-604-3809,"3584 Maple Ave, Lakeshore, MN 55401","3584 Maple Ave, Lakeshore, MN 55401",accepted,
ACME-00690,Ana Dvořák,Ana Dvořák,1988-12-10,1988-12-10,+1-361-775-3911,+1-361-775-3911,"9697 Aspen Blvd, Eastgate, OH 45202","9697 Aspen Blvd, Eastgate, OH 45202",accepted,
ACME-00969,Caleb Greco,Caleb Greco,1970-06-24,1970-06-24,+1-642-878-3373,+1-642-878-3373,"2619 Sequoia Pl, Westwood, MA 02445","2619 Sequoia Pl, Westwood, MA 02445",accepted,
ACME-00672,Yara Almeida,Yara Almeida,1991-09-04,1991-09-04,+1-391-975-2972,+1-391-975-2972,"6952 Willow Ct, Greendale, CA 94027","6952 Willow Ct, Greendale, CA 94027",accepted,
ACME-01144,AAAAAAAAAAAAAAAAAAAAAAAAAAAAAAAAAAAAAAAAAAAAAAAAAAAAAAAAAAAAAAAAAAAAAAAAAAAAAAAAAAAAAAAAAAAAAAAAAAAAAAAAAAAAAAAAAAAAAAAAAAAAAAAAAAAAAAAAAAAAAAAAAAAAAAAAAAAAAAAAAAAAAAAAAAAAAAAAAAAAAAAAAAAAAAAAAAAAAAAA,,1979-06-21,1979-06-21,+1-430-675-6169,+1-430-675-6169,"7645 Sequoia Pl, Brookhaven, GA 30303","7645 Sequoia Pl, Brookhaven, GA 30303",accepted,
ACME-00015,Quentin Zúbková,Quentin Zúbková,1993-06-26,1993-06-26,+1-560-950-6704,+1-560-950-6704,"6467 Birch Rd, Springfield, IL 62701","6467 Birch Rd, Springfield, IL 62701",accepted,
ACME-00856,Tariq Liu,Tariq Liu,1947-09-22,1947-09-22,+1-834-736-8618,+1-834-736-8618,"7747 Willow Ct, Springfield, IL 62701","7747 Willow Ct, Springfield, IL 62701",accepted,
ACME-00171,Viktor Xu,Viktor Xu,1967-06-12,1967-06-12,+1-799-985-4294,+1-799-985-4294,"108 Sequoia Pl, Eastgate, OH 45202","108 Sequoia Pl, Eastgate, OH 45202",accepted,
ACME-00701,Xiomara Quist,Xiomara Quist,1966-07-11,1966-07-11,+1-771-472-1780,+1-771-472-1780,"3122 Elm Way, Brookhaven, GA 30303","3122 Elm Way, Brookhaven, GA 30303",accepted,
ACME-00465,Nikos Rossi,Nikos Rossi,1959-03-20,1959-03-20,+1-593-530-2698,+1-593-530-2698,"8533 Maple Ave, Fairview, TX 75001","8533 Maple Ave, Fairview, TX 75001",accepted,
ACME-00359,Joon Brennan,Joon Brennan,1998-12-01,1998-12-01,+1-472-499-8603,+1-472-499-8603,"9815 Cedar St, Fairview, TX 75001","9815 Cedar St, Fairview, TX 75001",accepted,
ACME-00106,Uma Xu,Uma Xu,1957-03-15,1957-03-15,+1-611-467-5952,+1-611-467-5952,"8177 Aspen Blvd, Fairview, TX 75001","8177 Aspen Blvd, Fairview, TX 75001",accepted,
ACME-00080,Gita Castellanos,Gita Castellanos,1988-12-09,1988-12-09,+1-576-702-9158,+1-576-702-9158,"315 Juniper Ln, Fairview, TX 75001","315 Juniper Ln, Fairview, TX 75001",accepted,
ACME-00784,Ife Rossi,Ife Rossi,1983-09-28,1983-09-28,+1-559-445-8899,+1-559-445-8899,"9772 Cedar St, Riverton, WY 82501","9772 Cedar St, Riverton, WY 82501",accepted,
ACME-00800,Hiro O'Brien,Hiro O'Brien,1940-06-01,1940-06-01,+1-774-591-1623,+1-774-591-1623,"7048 Cedar St, Lakeshore, MN 55401","7048 Cedar St, Lakeshore, MN 55401",accepted,
ACME-00305,Caleb Liu,Caleb Liu,1996-10-08,1996-10-08,+1-370-728-5463,+1-370-728-5463,"2154 Maple Ave, Eastgate, OH 45202","2154 Maple Ave, Eastgate, OH 45202",accepted,
ACME-00450,Ravi Nakamura,Ravi Nakamura,1964-03-12,1964-03-12,+1-889-590-9448,+1-889-590-9448,"1078 Birch Rd, Fairview, TX 75001","1078 Birch Rd, Fairview, TX 75001",accepted,
ACME-00149,Gita Liu,Gita Liu,1986-09-01,1986-09-01,+1-568-227-6455,+1-568-227-6455,"9546 Maple Ave, Springfield, IL 62701","9546 Maple Ave, Springfield, IL 62701",accepted,
ACME-00955,Lior Zúbková,Lior Zúbková,1966-09-21,1966-09-21,+1-943-425-7411,+1-943-425-7411,"2482 Pine Hollow, Brookhaven, GA 30303","2482 Pine Hollow, Brookhaven, GA 30303",accepted,
ACME-00715,Ana Vasquez,Ana Vasquez,1948-07-23,1948-07-23,+1-758-913-8027,+1-758-913-8027,"3468 Willow Ct, Fairview, TX 75001","3468 Willow Ct, Fairview, TX 75001",accepted,
ACME-00986,Quentin Klein,Quentin Klein,1977-11-07,1977-11-07,+1-280-877-8867,+1-280-877-8867,"2131 Birch Rd, Greendale, CA 94027","2131 Birch Rd, Greendale, CA 94027",accepted,
ACME-00599,Quentin Jensen,Quentin Jensen,1964-08-05,1964-08-05,+1-643-532-3351,+1-643-532-3351,"5621 Willow Ct, Brookhaven, GA 30303","5621 Willow Ct, Brookhaven, GA 30303",accepted,
ACME-00872,Daria Nakamura,Daria Nakamura,1959-12-28,1959-12-28,+1-464-445-9273,+1-464-445-9273,"1467 Sequoia Pl, Riverton, WY 82501","1467 Sequoia Pl, Riverton, WY 82501",accepted,
ACME-00857,Sora Castellanos,Sora Castellanos,1946-04-15,1946-04-15,+1-552-815-3245,+1-552-815-3245,"2996 Maple Ave, Springfield, IL 62701","2996 Maple Ave, Springfield, IL 62701",accepted,
ACME-00116,Lior Wójcik,Lior Wójcik,1975-10-22,1975-10-22,+1-608-294-6079,+1-608-294-6079,"5130 Juniper Ln, Lakeshore, MN 55401","5130 Juniper Ln, Lakeshore, MN 55401",accepted,
ACME-00432,Quentin Hassan,Quentin Hassan,1986-05-11,1986-05-11,+1-904-793-4462,+1-904-793-4462,"5230 Maple Ave, Brookhaven, GA 30303","5230 Maple Ave, Brookhaven, GA 30303",accepted,
ACME-00887,Gita Jensen,Gita Jensen,1993-10-23,1993-10-23,+1-238-476-9210,+1-238-476-9210,"6572 Willow Ct, Greendale, CA 94027","6572 Willow Ct, Greendale, CA 94027",accepted,
ACME-00068,Farid Vasquez,Farid Vasquez,1973-07-12,1973-07-12,+1-536-938-6474,+1-536-938-6474,"2456 Elm Way, Riverton, WY 82501","2456 Elm Way, Riverton, WY 82501",accepted,
ACME-01000,Oren Tanaka,Oren Tanaka,1985-10-02,1985-10-02,+1-537-860-4265,+1-537-860-4265,"8476 Cedar St, Westwood, MA 02445","8476 Cedar St, Westwood, MA 02445",accepted,
ACME-01125,,,1977-03-22,1977-03-22,+1-897-964-1676,+1-897-964-1676,"9807 Aspen Blvd, Riverton, WY 82501","9807 Aspen Blvd, Riverton, WY 82501",accepted,
ACME-00401,Nikos Quist,Nikos Quist,1942-10-08,1942-10-08,+1-534-792-5015,+1-534-792-5015,"1249 Willow Ct, Fairview, TX 75001","1249 Willow Ct, Fairview, TX 75001",accepted,
ACME-00396,Lior Rossi,Lior Rossi,1958-01-14,1958-01-14,+1-362-567-1294,+1-362-567-1294,"7343 Cedar St, Lakeshore, MN 55401","7343 Cedar St, Lakeshore, MN 55401",accepted,
ACME-00739,Viktor Castellanos,Viktor Castellanos,1941-03-04,1941-03-04,+1-357-738-4079,+1-357-738-4079,"8263 Juniper Ln, Riverton, WY 82501","8263 Juniper Ln, Riverton, WY 82501",accepted,
ACME-00695,Joon Yamamoto,Joon Yamamoto,1988-12-25,1988-12-25,+1-555-619-4850,+1-555-619-4850,"2465 Oakwood Dr, Brookhaven, GA 30303","2465 Oakwood Dr, Brookhaven, GA 30303",accepted,
ACME-00825,Bao Brennan,Bao Brennan,1967-07-18,1967-07-18,+1-883-824-7271,+1-883-824-7271,"9157 Cedar St, Brookhaven, GA 30303","9157 Cedar St, Brookhaven, GA 30303",accepted,
ACME-00989,Kira Greco,Kira Greco,1979-02-10,1979-02-10,+1-281-371-5992,+1-281-371-5992,"6299 Maple Ave, Greendale, CA 94027","6299 Maple Ave, Greendale, CA 94027",accepted,
ACME-00514,Uma Ueda,Uma Ueda,1953-05-25,1953-05-25,+1-876-516-2488,+1-876-516-2488,"280 Juniper Ln, Brookhaven, GA 30303","280 Juniper Ln, Brookhaven, GA 30303",accepted,
ACME-01051,Ana Klein,Ana Klein,,,+1-378-884-2563,+1-378-884-2563,"2486 Aspen Blvd, Fairview, TX 75001","2486 Aspen Blvd, Fairview, TX 75001",accepted,
ACME-01046,Bao Hassan,Bao Hassan,,,+1-538-757-9182,+1-538-757-9182,"3473 Juniper Ln, Eastgate, OH 45202","3473 Juniper Ln, Eastgate, OH 45202",accepted,
ACME-01042,Hiro Quist,Hiro Quist,1977-01-12,1977-01-12,abc-def-ghij,,"9689 Birch Rd, Westwood, MA 02445","9689 Birch Rd, Westwood, MA 02445",accepted,
ACME-00793,Xiomara Hassan,Xiomara Hassan,1971-05-06,1971-05-06,+1-625-410-6598,+1-625-410-6598,"8821 Aspen Blvd, Fairview, TX 75001","8821 Aspen Blvd, Fairview, TX 75001",accepted,
ACME-00867,Oren Sato,Oren Sato,1969-12-09,1969-12-09,+1-423-857-9857,+1-423-857-9857,"451 Birch Rd, Greendale, CA 94027","451 Birch Rd, Greendale, CA 94027",accepted,
ACME-00519,Daria Greco,Daria Greco,1992-07-09,1992-07-09,+1-469-591-2035,+1-469-591-2035,"1770 Elm Way, Riverton, WY 82501","1770 Elm Way, Riverton, WY 82501",accepted,
ACME-00153,Wei Hassan,Wei Hassan,1948-09-09,1948-09-09,+1-905-473-2256,+1-905-473-2256,"7464 Birch Rd, Brookhaven, GA 30303","7464 Birch Rd, Brookhaven, GA 30303",accepted,
ACME-00099,Joon Castellanos,Joon Castellanos,2001-12-10,2001-12-10,+1-226-411-5966,+1-226-411-5966,"6078 Sequoia Pl, Fairview, TX 75001","6078 Sequoia Pl, Fairview, TX 75001",accepted,
ACME-00258,Sora O'Brien,Sora O'Brien,1979-11-08,1979-11-08,+1-436-683-5511,+1-436-683-5511,"1712 Aspen Blvd, Riverton, WY 82501","1712 Aspen Blvd, Riverton, WY 82501",accepted,
ACME-00770,Caleb Tanaka,Caleb Tanaka,1986-07-05,1986-07-05,+1-979-653-4446,+1-979-653-4446,"4309 Oakwood Dr, Fairview, TX 75001","4309 Oakwood Dr, Fairview, TX 75001",accepted,
ACME-00977,Xiomara Liu,Xiomara Liu,1986-01-10,1986-01-10,+1-220-971-2864,+1-220-971-2864,"4560 Willow Ct, Riverton, WY 82501","4560 Willow Ct, Riverton, WY 82501",accepted,
ACME-00100,Oren Vasquez,Oren Vasquez,1964-08-14,1964-08-14,+1-722-957-9353,+1-722-957-9353,"9195 Maple Ave, Springfield, IL 62701","9195 Maple Ave, Springfield, IL 62701",accepted,
ACME-01068,Müller Wójcik,Müller Wójcik,2005-04-17,2005-04-17,+1-476-960-2809,+1-476-960-2809,"3048 Willow Ct, Brookhaven, GA 30303","3048 Willow Ct, Brookhaven, GA 30303",accepted,
ACME-00135,Sora Eze,Sora Eze,2004-08-01,2004-08-01,+1-775-910-8780,+1-775-910-8780,"429 Willow Ct, Greendale, CA 94027","429 Willow Ct, Greendale, CA 94027",accepted,
ACME-00665,Viktor Klein,Viktor Klein,1954-07-03,1954-07-03,+1-821-721-7635,+1-821-721-7635,"7744 Aspen Blvd, Lakeshore, MN 55401","7744 Aspen Blvd, Lakeshore, MN 55401",accepted,
ACME-01098,Müller Wójcik,Müller Wójcik,1999-06-22,1999-06-22,+1-230-525-2730,+1-230-525-2730,"2151 Maple Ave, Fairview, TX 75001","2151 Maple Ave, Fairview, TX 75001",accepted,
ACME-00055,Ravi Castellanos,Ravi Castellanos,1995-09-11,1995-09-11,+1-914-216-2235,+1-914-216-2235,"3383 Sequoia Pl, Eastgate, OH 45202","3383 Sequoia Pl, Eastgate, OH 45202",accepted,
ACME-01007,Zane Brennan,Zane Brennan,1997-02-07,1997-02-07,abc-def-ghij,,"7564 Sequoia Pl, Riverton, WY 82501","7564 Sequoia Pl, Riverton, WY 82501",accepted,
ACME-00917,Caleb Vasquez,Caleb Vasquez,1958-04-10,1958-04-10,+1-615-557-9166,+1-615-557-9166,"2177 Birch Rd, Riverton, WY 82501","2177 Birch Rd, Riverton, WY 82501",accepted,
ACME-00543,Esma Xu,Esma Xu,1951-10-26,1951-10-26,+1-928-884-3833,+1-928-884-3833,"8242 Pine Hollow, Springfield, IL 62701","8242 Pine Hollow, Springfield, IL 62701",accepted,
ACME-00499,Joon Greco,Joon Greco,1960-11-28,1960-11-28,+1-224-881-4518,+1-224-881-4518,"1288 Cedar St, Springfield, IL 62701","1288 Cedar St, Springfield, IL 62701",accepted,
ACME-00815,Ife Quist,Ife Quist,1940-09-03,1940-09-03,+1-235-240-2262,+1-235-240-2262,"9652 Cedar St, Riverton, WY 82501","9652 Cedar St, Riverton, WY 82501",accepted,
ACME-00128,Joon Tanaka,Joon Tanaka,1994-09-28,1994-09-28,+1-479-564-2516,+1-479-564-2516,"7248 Birch Rd, Lakeshore, MN 55401","7248 Birch Rd, Lakeshore, MN 55401",accepted,
ACME-00761,Uma Müller,Uma Müller,1942-06-04,1942-06-04,+1-862-612-8716,+1-862-612-8716,"2195 Juniper Ln, Riverton, WY 82501","2195 Juniper Ln, Riverton, WY 82501",accepted,
ACME-00317,Gita Sato,Gita Sato,1968-11-16,1968-11-16,+1-578-567-8262,+1-578-567-8262,"3400 Pine Hollow, Fairview, TX 75001","3400 Pine Hollow, Fairview, TX 75001",accepted,
ACME-00717,Bao Yamamoto,Bao Yamamoto,1961-09-27,1961-09-27,+1-890-872-7002,+1-890-872-7002,"6066 Maple Ave, Springfield, IL 62701","6066 Maple Ave, Springfield, IL 62701",accepted,
ACME-00202,Ravi Yamamoto,Ravi Yamamoto,2005-10-23,2005-10-23,+1-514-870-5211,+1-514-870-5211,"169 Elm Way, Springfield, IL 62701","169 Elm Way, Springfield, IL 62701",accepted,
ACME-00131,Mei Yamamoto,Mei Yamamoto,1952-12-03,1952-12-03,+1-711-780-2207,+1-711-780-2207,"1639 Willow Ct, Fairview, TX 75001","1639 Willow Ct, Fairview, TX 75001",accepted,
ACME-00155,Zane Klein,Zane Klein,1965-09-17,1965-09-17,+1-950-942-4838,+1-950-942-4838,"4468 Willow Ct, Brookhaven, GA 30303","4468 Willow Ct, Brookhaven, GA 30303",accepted,
ACME-01056,Zane Hassan,Zane Hassan,,,+1-916-471-5006,+1-916-471-5006,"5332 Sequoia Pl, Greendale, CA 94027","5332 Sequoia Pl, Greendale, CA 94027",accepted,
ACME-00070,Ana Yamamoto,Ana Yamamoto,1956-03-03,1956-03-03,+1-340-735-2049,+1-340-735-2049,"456 Oakwood Dr, Westwood, MA 02445","456 Oakwood Dr, Westwood, MA 02445",accepted,
ACME-00881,Farid Ueda,Farid Ueda,1989-04-08,1989-04-08,+1-808-577-1349,+1-808-577-1349,"3009 Oakwood Dr, Westwood, MA 02445","3009 Oakwood Dr, Westwood, MA 02445",accepted,
ACME-00126,Zane O'Brien,Zane O'Brien,1990-04-06,1990-04-06,+1-214-895-2383,+1-214-895-2383,"7007 Birch Rd, Eastgate, OH 45202","7007 Birch Rd, Eastgate, OH 45202",accepted,
ACME-00263,Priya Sato,Priya Sato,2004-07-15,2004-07-15,+1-758-892-1497,+1-758-892-1497,"9593 Oakwood Dr, Brookhaven, GA 30303","9593 Oakwood Dr, Brookhaven, GA 30303",accepted,
ACME-00007,Caleb Liu,Caleb Liu,1940-04-15,1940-04-15,+1-540-609-4842,+1-540-609-4842,"829 Sequoia Pl, Westwood, MA 02445","829 Sequoia Pl, Westwood, MA 02445",accepted,
ACME-01115,,,1959-08-11,1959-08-11,+1-587-456-6219,+1-587-456-6219,"3201 Elm Way, Eastgate, OH 45202","3201 Elm Way, Eastgate, OH 45202",accepted,
ACME-00494,Gita Hassan,Gita Hassan,1940-02-07,1940-02-07,+1-923-334-4028,+1-923-334-4028,"3920 Cedar St, Eastgate, OH 45202","3920 Cedar St, Eastgate, OH 45202",accepted,
ACME-00956,Mei Wójcik,Mei Wójcik,1941-11-16,1941-11-16,+1-452-224-6945,+1-452-224-6945,"169 Willow Ct, Lakeshore, MN 55401","169 Willow Ct, Lakeshore, MN 55401",accepted,
